"","species","chemical","formula","iupac"
"2","Abies balsamea","hnb","C9H18O2","(2S,5R)-5-pentyloxolan-2-ol"
"3","Abies balsamea","hnb","C9H18O2","(2R,5S)-5-pentyloxolan-2-ol"
"4","Abies balsamea","ss-pinene","C10H16","6,6-dimethyl-2-methylidenebicyclo[3.1.1]heptane"
"5","Abies balsamea","oil","C15H23NOSi","tert-butyl-(1H-indol-5-ylmethoxy)-dimethylsilane"
"6","Abies balsamea","oil","C9H13NOS","propan-2-ylsulfanyl(pyridin-4-yl)methanol"
"7","Abies balsamea","co2","CO2",NA
"8","Abies balsamea","co2","Co+2","cobalt(2+)"
"9","Abies balsamea","co2","CH2O2","formic acid"
"10","Abies balsamea","co2","CH3NO2","carbamic acid"
"11","Abies balsamea","co2","C2HO3+","(1S,4R)-2,5-dioxa-3-oxoniatricyclo[2.1.0.01,3]pentane"
"13","Abies balsamea","co2","CO3","dioxiran-3-one"
"14","Abies balsamea","co2","C2H2O2","oxiran-2-one"
"15","Abies balsamea","co2","C2HO3+","(1R,4R)-2,5-dioxa-3-oxoniatricyclo[2.1.0.01,3]pentane"
"16","Abies balsamea","co2","CH2O3","dioxiran-3-ol"
"17","Abies balsamea","ribulose-1,5-bisphosphate","C5H12O11P2","[(2R,3R)-2,3-dihydroxy-4-oxo-5-phosphonooxypentyl] dihydrogen phosphate"
"18","Abies balsamea","ribulose-1,5-bisphosphate","C5H12O11P2","(2,3-dihydroxy-4-oxo-5-phosphonooxypentyl) dihydrogen phosphate"
"19","Abies balsamea","water","H2O","oxidane"
"21","Abies balsamea","water","HNaO","sodium;hydroxide"
"23","Abies balsamea","cis-abienol","C20H34O","(1R,2R,4aS,8aS)-2,5,5,8a-tetramethyl-1-[(2Z)-3-methylpenta-2,4-dienyl]-3,4,4a,6,7,8-hexahydro-1H-naphthalen-2-ol"
"24","Abies balsamea","cis-abienol","C20H34O","(1R,2R,4aS,8aS)-2,5,5,8a-tetramethyl-1-[(2E)-3-methylpenta-2,4-dienyl]-3,4,4a,6,7,8-hexahydro-1H-naphthalen-2-ol"
"25","Abies balsamea","cis-abienol","C20H34O","2,5,5,8a-tetramethyl-1-[(2Z)-3-methylpenta-2,4-dienyl]-3,4,4a,6,7,8-hexahydro-1H-naphthalen-2-ol"
"26","Abies balsamea","cis-abienol","C20H34O","2,5,5,8a-tetramethyl-1-(3-methylpenta-2,4-dienyl)-3,4,4a,6,7,8-hexahydro-1H-naphthalen-2-ol"
"27","Abies balsamea","diterpene","C20H32O3","(1S,4S,9S,10R,13R,14S)-14-hydroxy-14-(hydroxymethyl)-5,5,9-trimethyltetracyclo[11.2.1.01,10.04,9]hexadecan-6-one"
"28","Abies balsamea","diterpene","C20H32O4","(1S,4S,6S,9S,10R,13R,14S)-6,14-dihydroxy-14-(hydroxymethyl)-5,5,9-trimethyltetracyclo[11.2.1.01,10.04,9]hexadecan-7-one"
"29","Abies balsamea","diterpene","C20H28O3","(1S,4S,6S,9R,10S,12R)-6-hydroxy-5,5,9-trimethyl-16-methylidenetetracyclo[10.2.2.01,10.04,9]hexadecane-7,14-dione"
"30","Abies balsamea","diterpene","C20H32O3","(1S,4S,9S,10R,12R,13S)-13-hydroxy-13-(hydroxymethyl)-5,5,9-trimethyltetracyclo[10.2.2.01,10.04,9]hexadecan-6-one"
"31","Abies balsamea","diterpene","C20H32O3","(1S,4S,9S,10R,13S)-13-hydroxy-13-(hydroxymethyl)-5,5,9-trimethyltetracyclo[10.2.2.01,10.04,9]hexadecan-6-one"
"32","Abies balsamea","diterpene","C20H32O3","13-hydroxy-13-(hydroxymethyl)-5,5,9-trimethyltetracyclo[10.2.2.01,10.04,9]hexadecan-6-one"
"33","Abies balsamea","diterpene","C20H32O3","(1S,4S,9S,10R,13S,14S)-14-hydroxy-14-(hydroxymethyl)-5,5,9-trimethyltetracyclo[11.2.1.01,10.04,9]hexadecan-6-one"
"34","Abies balsamea","diterpene","C20H32O3","(1R,4R,9R,10S,13R,14S)-14-hydroxy-14-(hydroxymethyl)-5,5,9-trimethyltetracyclo[11.2.1.01,10.04,9]hexadecan-6-one"
"35","Abies balsamea","mevalonate","C6H11O4-","(3R)-3,5-dihydroxy-3-methylpentanoate"
"36","Abies balsamea","mevalonate","C6H12O4","(3R)-3,5-dihydroxy-3-methylpentanoic acid"
"37","Abies balsamea","mevalonate","C6H12O4","3,5-dihydroxy-3-methylpentanoic acid"
"38","Abies balsamea","mevalonate","C6H11O4-","3,5-dihydroxy-3-methylpentanoate"
"39","Abies balsamea","mevalonate","C6H11O4-","(3S)-3,5-dihydroxy-3-methylpentanoate"
"40","Abies balsamea","mevalonate","C5H8O3","3-hydroxy-3-methyloxolan-2-one"
"41","Abies balsamea","glucose","C6H12O6","(3R,4S,5S,6R)-6-(hydroxymethyl)oxane-2,3,4,5-tetrol"
"42","Abies balsamea","glucose","C6H12O6","(2R,3S,4R,5R)-2,3,4,5,6-pentahydroxyhexanal"
"43","Abies balsamea","glucose","C6H12O6","(2S,3R,4S,5S,6R)-6-(hydroxymethyl)oxane-2,3,4,5-tetrol"
"44","Abies balsamea","glucose","C6H12O6","(2R,3R,4S,5S,6R)-6-(hydroxymethyl)oxane-2,3,4,5-tetrol"
"45","Abies balsamea","glucose","C6H12O6","2,3,4,5,6-pentahydroxyhexanal"
"46","Abies balsamea","glucose","C6H12O6","6-(hydroxymethyl)oxane-2,3,4,5-tetrol"
"47","Abies balsamea","glucose","C6H14O7","(3R,4S,5S,6R)-6-(hydroxymethyl)oxane-2,3,4,5-tetrol;hydrate"
"48","Abies balsamea","glucose","C6H12O6","(2S,3R,4S,5S)-2,3,4,5,6-pentahydroxyhexanal"
"49","Abies balsamea","mep","C8H11N","5-ethyl-2-methylpyridine"
"50","Abies balsamea","mep","C9H12NO5PS","dimethoxy-(3-methyl-4-nitrophenoxy)-sulfanylidene-lambda5-phosphane"
"51","Abies balsamea","mep","C10H10O4","2-ethoxycarbonylbenzoic acid"
"52","Abies balsamea","mep","C2H7O4P","ethyl dihydrogen phosphate"
"53","Abies balsamea","mep","C6H6N4","6-methyl-7H-purine"
"54","Abies balsamea","mep","C8H8O3","methyl 4-hydroxybenzoate"
"55","Abies balsamea","mep","C2H6O4P-","ethyl hydrogen phosphate"
"56","Abies balsamea","mep","C2H5O4P-2","ethyl phosphate"
"59","Abies balsamea","mva","C6H13NO2","(2S)-3-methyl-2-(methylamino)butanoic acid"
"60","Abies balsamea","mva","C18H35NO4","N-cyclohexylcyclohexanamine;3,5-dihydroxy-3-methylpentanoic acid"
"61","Abies balsamea","isopropyl myristate","C17H34O2","propan-2-yl tetradecanoate"
"62","Abies balsamea","propidium iodide","C27H34I2N4","3-(3,8-diamino-6-phenylphenanthridin-5-ium-5-yl)propyl-diethyl-methylazanium;diiodide"
"63","Abies balsamea","propidium iodide","C27H34IN4+","3-(3,8-diamino-6-phenylphenanthridin-5-ium-5-yl)propyl-diethyl-methylazanium;iodide"
"64","Abies balsamea","propidium iodide","C27H34N4+2","3-(3,8-diamino-6-phenylphenanthridin-5-ium-5-yl)propyl-diethyl-methylazanium"
"65","Abies balsamea","propidium iodide","C27H34I2N4","3-(8-amino-3-imino-6-phenylphenanthridin-5-yl)propyl-diethyl-methylazanium;iodide;hydroiodide"
"66","Abies balsamea","propidium iodide","C27H35N4+","3-(3,8-diamino-6-phenyl-6H-phenanthridin-5-yl)propyl-diethyl-methylazanium"
"67","Abies balsamea","propidium iodide","C27H36I2N4+2","3-(3,8-diamino-6-phenylphenanthridin-5-ium-5-yl)propyl-diethyl-methylazanium;dihydroiodide"
"68","Abies balsamea","methicillin","C17H20N2O6S","(2S,5R,6R)-6-[(2,6-dimethoxybenzoyl)amino]-3,3-dimethyl-7-oxo-4-thia-1-azabicyclo[3.2.0]heptane-2-carboxylic acid"
"69","Abies balsamea","methicillin","C17H20N2O6S","6-[(2,6-dimethoxybenzoyl)amino]-3,3-dimethyl-7-oxo-4-thia-1-azabicyclo[3.2.0]heptane-2-carboxylic acid"
"70","Abies balsamea","methicillin","C19H20N3NaO6S","sodium;(2S,5R,6R)-3,3-dimethyl-6-[(5-methyl-3-phenyl-1,2-oxazole-4-carbonyl)amino]-7-oxo-4-thia-1-azabicyclo[3.2.0]heptane-2-carboxylate;hydrate"
"71","Abies balsamea","methicillin","C17H20N2O6S","(5R,6R)-6-[(2,6-dimethoxybenzoyl)amino]-3,3-dimethyl-7-oxo-4-thia-1-azabicyclo[3.2.0]heptane-2-carboxylic acid"
"72","Abies balsamea","methicillin","C17H20N2O6S","(2R,5R,6S)-6-[(2,6-dimethoxybenzoyl)amino]-3,3-dimethyl-7-oxo-4-thia-1-azabicyclo[3.2.0]heptane-2-carboxylic acid"
"73","Abies balsamea","methicillin","C17H20N2O6S","(6R)-6-[(2,6-dimethoxybenzoyl)amino]-3,3-dimethyl-7-oxo-4-thia-1-azabicyclo[3.2.0]heptane-2-carboxylic acid"
"74","Abies balsamea","methicillin","C17H20N2O6S","(2S,5R,6S)-6-[(2,6-dimethoxybenzoyl)amino]-3,3-dimethyl-7-oxo-4-thia-1-azabicyclo[3.2.0]heptane-2-carboxylic acid"
"75","Abies balsamea","methicillin","C17H19N2O6S-","(2S,5R,6R)-6-[(2,6-dimethoxybenzoyl)amino]-3,3-dimethyl-7-oxo-4-thia-1-azabicyclo[3.2.0]heptane-2-carboxylate"
"76","Abies balsamea","methicillin","C17H22N2O6S","(2R,4S)-2-[(1R)-1-[(2,6-dimethoxybenzoyl)amino]-2-oxoethyl]-5,5-dimethyl-1,3-thiazolidine-4-carboxylic acid"
"77","Abies balsamea","methicillin","C10H8O2S2","2-hydroxy-1,2-dithiophen-2-ylethanone"
"78","Abies balsamea","monoterpene","C10H16","4-methylidene-1-propan-2-ylbicyclo[3.1.0]hexane"
"79","Abies balsamea","monoterpene","C10H18O","(2E)-3,7-dimethylocta-2,6-dien-1-ol"
"80","Abies balsamea","sesquiterpenes","C15H18O3","(3R,3aS,5aR,9bR)-3,5a,9-trimethyl-3a,4,5,9b-tetrahydro-3H-benzo[g][1]benzofuran-2,8-dione"
"81","Abies balsamea","isopimaric acid","C20H30O2","(1R,4aR,4bS,7S,10aR)-7-ethenyl-1,4a,7-trimethyl-3,4,4b,5,6,8,10,10a-octahydro-2H-phenanthrene-1-carboxylic acid"
"82","Abies balsamea","isopimaric acid","C20H30O2","(1R,4aR,7S)-7-ethenyl-1,4a,7-trimethyl-3,4,4b,5,6,8,10,10a-octahydro-2H-phenanthrene-1-carboxylic acid"
"83","Abies balsamea","isopimaric acid","C20H30O2","7-ethenyl-1,4a,7-trimethyl-3,4,4b,5,6,8,10,10a-octahydro-2H-phenanthrene-1-carboxylic acid"
"84","Abies balsamea","isopimaric acid","C20H30O2","(1R,4aR)-7-ethenyl-1,4a,7-trimethyl-3,4,4b,5,6,8,10,10a-octahydro-2H-phenanthrene-1-carboxylic acid"
"85","Abies balsamea","isopimaric acid","C20H30O2","(1R,4aR,7R)-7-ethenyl-1,4a,7-trimethyl-3,4,4b,5,6,8,10,10a-octahydro-2H-phenanthrene-1-carboxylic acid"
"86","Abies balsamea","isopimaric acid","C20H29O2-","(1R,4aR,4bS,7S)-7-ethenyl-1,4a,7-trimethyl-3,4,4b,5,6,8,10,10a-octahydro-2H-phenanthrene-1-carboxylate"
"87","Abies balsamea","isopimaric acid","C20H30O2","(1S,4aS,7R)-7-ethenyl-1,4a,7-trimethyl-3,4,4b,5,6,8,10,10a-octahydro-2H-phenanthrene-1-carboxylic acid"
"88","Abies balsamea","levopimaric acid","C20H30O2","(1R,4aR,4bS,10aR)-1,4a-dimethyl-7-propan-2-yl-2,3,4,4b,5,9,10,10a-octahydrophenanthrene-1-carboxylic acid"
"89","Abies balsamea","levopimaric acid","C20H30O2","1,4a-dimethyl-7-propan-2-yl-2,3,4,4b,5,9,10,10a-octahydrophenanthrene-1-carboxylic acid"
"90","Abies balsamea","levopimaric acid","C20H30O2","(1R,4aR,4bS)-1,4a-dimethyl-7-propan-2-yl-2,3,4,4b,5,9,10,10a-octahydrophenanthrene-1-carboxylic acid"
"91","Abies balsamea","levopimaric acid","C20H29O2-","(1R,4aR,4bS)-1,4a-dimethyl-7-propan-2-yl-2,3,4,4b,5,9,10,10a-octahydrophenanthrene-1-carboxylate"
"92","Abies balsamea","levopimaric acid","C20H30O2","methyl (1R,4aS,4bR)-4a-methyl-7-propan-2-yl-2,3,4,4b,5,9,10,10a-octahydro-1H-phenanthrene-1-carboxylate"
"93","Abies balsamea","rubidium chloride","ClRb","rubidium(1+);chloride"
"95","Abies balsamea","ethylene","C2H4","ethene"
"96","Abies balsamea","ethylene","C2H4","1,2-dideuterioethene"
"97","Abies balsamea","ethylene","C12H3F21","3,3,4,4,5,5,6,6,7,7,8,8,9,9,10,10,11,11,12,12,12-henicosafluorododec-1-ene"
"98","Abies balsamea","carotenoid","C40H56","1,3,3-trimethyl-2-[(1E,3E,5E,7E,9E,11E,13E,15E,17E)-3,7,12,16-tetramethyl-18-[(1R)-2,6,6-trimethylcyclohex-2-en-1-yl]octadeca-1,3,5,7,9,11,13,15,17-nonaenyl]cyclohexene"
"99","Abies balsamea","carotenoid","C46H90O6","(2R,3S,4S,5R,6R)-2-(hydroxymethyl)-6-[(6S,10S,14R,23R)-2,6,10,14,19,23,27,31-octamethyldotriacont-30-en-2-yl]oxyoxane-3,4,5-triol"
"100","Abies balsamea","carotenoid","C40H56O2","4-[(1E,3E,5E,7E,9E,11E,13E,15E,17E)-18-(4-hydroxy-2,6,6-trimethylcyclohex-2-en-1-yl)-3,7,12,16-tetramethyloctadeca-1,3,5,7,9,11,13,15,17-nonaenyl]-3,5,5-trimethylcyclohex-3-en-1-ol"
"101","Abies balsamea","2d","C10H9BrN2S","8-bromo-3,4-dihydro-2H-pyrimido[1,2-b][1,2]benzothiazole"
"102","Abies balsamea","fatty acid","C4H8O2","butanoic acid"
"103","Abies balsamea","linoleic","C18H32O2","(9Z,12Z)-octadeca-9,12-dienoic acid"
"104","Abies balsamea","volicitin","C23H38N2O5","(2S)-5-amino-2-[[(9Z,12Z,15Z,17S)-17-hydroxyoctadeca-9,12,15-trienoyl]amino]-5-oxopentanoic acid"
"105","Abies balsamea","volicitin","C23H38N2O5","(2S)-5-amino-2-[[(9Z,12Z,15Z)-17-hydroxyoctadeca-9,12,15-trienoyl]amino]-5-oxopentanoic acid"
"106","Abies balsamea","volicitin","C23H38N2O5","5-amino-2-[[(9Z,12Z,15Z)-17-hydroxyoctadeca-9,12,15-trienoyl]amino]-5-oxopentanoic acid"
"107","Abies balsamea","volicitin","C23H38N2O5","5-amino-2-[[(9E,12E,15E)-17-hydroxyoctadeca-9,12,15-trienoyl]amino]-5-oxopentanoic acid"
"108","Abies balsamea","volicitin","C23H38N2O5","(2S)-5-amino-2-[[(9Z,12Z,15Z,17R)-17-hydroxyoctadeca-9,12,15-trienoyl]amino]-5-oxopentanoic acid"
"109","Abies balsamea","volicitin","C23H38N2O5","(2S)-5-amino-2-[[(9E,12E,15E)-17-hydroxyoctadeca-9,12,15-trienoyl]amino]-5-oxopentanoic acid"
"110","Abies balsamea","dehydroabietic acid","C20H28O2","(1R,4aS,10aR)-1,4a-dimethyl-7-propan-2-yl-2,3,4,9,10,10a-hexahydrophenanthrene-1-carboxylic acid"
"111","Abies balsamea","dehydroabietic acid","C20H28O2","1,4a-dimethyl-7-propan-2-yl-2,3,4,9,10,10a-hexahydrophenanthrene-1-carboxylic acid"
"112","Abies balsamea","dehydroabietic acid","C20H28O2","(1S,4aS,10aR)-1,4a-dimethyl-7-propan-2-yl-2,3,4,9,10,10a-hexahydrophenanthrene-1-carboxylic acid"
"113","Abies balsamea","dehydroabietic acid","C20H28O2","(1R,4aS)-1,4a-dimethyl-7-propan-2-yl-2,3,4,9,10,10a-hexahydrophenanthrene-1-carboxylic acid"
"114","Abies balsamea","dehydroabietic acid","C20H28O2","(1R,4aS,10aS)-1,4a-dimethyl-7-propan-2-yl-2,3,4,9,10,10a-hexahydrophenanthrene-1-carboxylic acid"
"115","Abies balsamea","dehydroabietic acid","C20H28O2","(1R)-1,4a-dimethyl-7-propan-2-yl-2,3,4,9,10,10a-hexahydrophenanthrene-1-carboxylic acid"
"116","Abies balsamea","dehydroabietic acid","C20H28O2","(1S,4aS)-1,4a-dimethyl-7-propan-2-yl-2,3,4,9,10,10a-hexahydrophenanthrene-1-carboxylic acid"
"117","Abies balsamea","dehydroabietic acid","C20H28O2","(1S,4aS,10aS)-1,4a-dimethyl-7-propan-2-yl-2,3,4,9,10,10a-hexahydrophenanthrene-1-carboxylic acid"
"118","Abies balsamea","dehydroabietic acid","C20H28O2","(1R,4aR,10aR)-1,4a-dimethyl-7-propan-2-yl-2,3,4,9,10,10a-hexahydrophenanthrene-1-carboxylic acid"
"119","Abies balsamea","dehydroabietic acid","C20H28O2","(1S,4aR)-1,4a-dimethyl-7-propan-2-yl-2,3,4,9,10,10a-hexahydrophenanthrene-1-carboxylic acid"
"120","Abies balsamea","dehydroabietic acid","C20H28O2","(1R,4aS)-10,10-dideuterio-1,4a-dimethyl-7-propan-2-yl-3,4,9,10a-tetrahydro-2H-phenanthrene-1-carboxylic acid"
"121","Abies balsamea","dehydroabietic acid","C20H28O2","(1R,4aR,10aS)-1,4a-dimethyl-7-propan-2-yl-2,3,4,9,10,10a-hexahydrophenanthrene-1-carboxylic acid"
"122","Abies balsamea","dehydroabietic acid","C20H27O2-","(1R,4aS)-1,4a-dimethyl-7-propan-2-yl-2,3,4,9,10,10a-hexahydrophenanthrene-1-carboxylate"
"123","Abies balsamea","dehydroabietic acid","C40H56O4","(1S,4aR,10aS)-1,4a-dimethyl-7-propan-2-yl-2,3,4,9,10,10a-hexahydrophenanthrene-1-carboxylic acid"
"124","Abies balsamea","abietic acid","C20H30O2","(1R,4aR,4bR,10aR)-1,4a-dimethyl-7-propan-2-yl-2,3,4,4b,5,6,10,10a-octahydrophenanthrene-1-carboxylic acid"
"125","Abies balsamea","abietic acid","C20H30O2","1,4a-dimethyl-7-propan-2-yl-2,3,4,4b,5,6,10,10a-octahydrophenanthrene-1-carboxylic acid"
"126","Abies balsamea","abietic acid","C20H30O2","(1R,4aR,4bR)-1,4a-dimethyl-7-propan-2-yl-2,3,4,4b,5,6,10,10a-octahydrophenanthrene-1-carboxylic acid"
"127","Abies balsamea","abietic acid","C20H30O2","(1S,4aR)-1,4a-dimethyl-7-propan-2-yl-2,3,4,4b,5,6,10,10a-octahydrophenanthrene-1-carboxylic acid"
"128","Abies balsamea","abietic acid","C20H30O2","(1R,4aR)-1,4a-dimethyl-7-propan-2-yl-2,3,4,4b,5,6,10,10a-octahydrophenanthrene-1-carboxylic acid"
"129","Abies balsamea","abietic acid","C20H29O2-","(1R,4aR,4bR,10aR)-1,4a-dimethyl-7-propan-2-yl-2,3,4,4b,5,6,10,10a-octahydrophenanthrene-1-carboxylate"
"130","Abies balsamea","abietic acid","C40H58O4Sr","strontium;1,4a-dimethyl-7-propan-2-yl-2,3,4,5,6,9,10,10a-octahydrophenanthrene-1-carboxylate"
"131","Abies balsamea","abietic acid","C20H30O2","(1S,4aR,4bS)-1,4a-dimethyl-7-propan-2-yl-2,3,4,4b,5,6,10,10a-octahydrophenanthrene-1-carboxylic acid"
"132","Abies balsamea","abietic acid","C20H30O2","(1R)-1,4a-dimethyl-7-propan-2-yl-2,3,4,4b,5,6,10,10a-octahydrophenanthrene-1-carboxylic acid"
"133","Abies balsamea","squalene","C30H50","(6E,10E,14E,18E)-2,6,10,15,19,23-hexamethyltetracosa-2,6,10,14,18,22-hexaene"
"134","Abies balsamea","squalene","C30H50","2,6,10,15,19,23-hexamethyltetracosa-2,6,10,14,18,22-hexaene"
"135","Abies balsamea","squalene","C30H50","(6Z,10E,14E,18E)-2,6,10,15,19,23-hexamethyltetracosa-2,6,10,14,18,22-hexaene"
"136","Abies balsamea","squalene","C30H50","(14E)-2,6,10,15,19,23-hexamethyltetracosa-2,6,10,14,18,22-hexaene"
"137","Abies balsamea","squalene","C30H50","(14E,18E)-2,6,10,15,19,23-hexamethyltetracosa-2,6,10,14,18,22-hexaene"
"138","Abies balsamea","squalene","C30H62","2,6,10,15,19,23-hexamethyltetracosane"
"139","Abies balsamea","squalene","C30H50","(6E,10E,14E,18E)-2,6,10,15,19,23-hexamethyl-3-tritiotetracosa-2,6,10,14,18,22-hexaene"
"140","Abies balsamea","squalene","C30H50","(6E,10E,14E,18E)-2,6,10,15,19,23-hexa((113C)methyl)(1,4,8,12,13,17,21,24-13C8)tetracosa-2,6,10,14,18,22-hexaene"
"141","Abies balsamea","squalene","C30H58","(5E)-2,10-dimethylundeca-1,5,9-triene;methane;(6E,10E)-2-methyltrideca-2,6,10-triene"
"142","Abies balsamea","squalene","C30H50","(10E,14E,18E)-2,6,10,15,19,23-hexamethyltetracosa-2,6,10,14,18,22-hexaene"
"143","Abies balsamea","hexane","C6H14","hexane"
"144","Abies balsamea","hexane","C6H12","cyclohexane"
"145","Abies balsamea","hexane","C6H13",NA
"147","Abies balsamea","hexane","C6H14O","hexan-1-ol"
"148","Abies balsamea","hexane","C2H4O2S","2-sulfanylacetic acid"
"149","Abies balsamea","hexane","C5H12","pentane"
"150","Abies balsamea","hexane","C4H10","butane"
"151","Abies balsamea","hexane","C2H6","ethane"
"152","Abies balsamea","sugars","C12H22O11","(2R,3R,4S,5S,6R)-2-[(2S,3S,4S,5R)-3,4-dihydroxy-2,5-bis(hydroxymethyl)oxolan-2-yl]oxy-6-(hydroxymethyl)oxane-3,4,5-triol"
"153","Abies balsamea","starch","C12H22O11","(2R,3S,4S,5R,6R)-2-(hydroxymethyl)-6-[(2R,3S,4R,5R,6S)-4,5,6-trihydroxy-2-(hydroxymethyl)oxan-3-yl]oxyoxane-3,4,5-triol"
"154","Abies balsamea","starch","C27H48O20","5-[5-[3,4-dihydroxy-6-(hydroxymethyl)-5-methoxyoxan-2-yl]oxy-6-[[3,4-dihydroxy-6-(hydroxymethyl)-5-methoxyoxan-2-yl]oxymethyl]-3,4-dihydroxyoxan-2-yl]oxy-6-(hydroxymethyl)-2-methyloxane-3,4-diol"
"155","Abies balsamea","starch","C12H25NO11","azane;(2R,3S,4S,5R,6R)-2-(hydroxymethyl)-6-[(2R,3S,4R,5R,6S)-4,5,6-trihydroxy-2-(hydroxymethyl)oxan-3-yl]oxyoxane-3,4,5-triol"
"156","Abies balsamea","terpenoids","C10H20O2","4-(2-hydroxypropan-2-yl)-1-methylcyclohexan-1-ol"
"157","Abies balsamea","monoterpenes","C10H16","2,6,6-trimethylbicyclo[3.1.1]hept-2-ene"
"159","Abies balsamea","monoterpenes","C10H16","3,7,7-trimethylbicyclo[4.1.0]hept-3-ene"
"160","Abies balsamea","monoterpenes","C10H16","(1S,5S)-2,6,6-trimethylbicyclo[3.1.1]hept-2-ene"
"161","Abies balsamea","monoterpenes","C10H16","(1S,5S)-6,6-dimethyl-2-methylidenebicyclo[3.1.1]heptane"
"162","Abies balsamea","monoterpenes","C10H16","(1R,6S)-3,7,7-trimethylbicyclo[4.1.0]hept-3-ene"
"163","Abies balsamea","glutathione","C10H17N3O6S","(2S)-2-amino-5-[[(2R)-1-(carboxymethylamino)-1-oxo-3-sulfanylpropan-2-yl]amino]-5-oxopentanoic acid"
"164","Abies balsamea","glutathione","C10H17N3O6S","2-amino-5-[[1-(carboxymethylamino)-1-oxo-3-sulfanylpropan-2-yl]amino]-5-oxopentanoic acid"
"165","Abies balsamea","glutathione","C20H32N6O12S2","(2S)-2-amino-5-[[(2R)-3-[[(2R)-2-[[(4S)-4-amino-4-carboxybutanoyl]amino]-3-(carboxymethylamino)-3-oxopropyl]disulfanyl]-1-(carboxymethylamino)-1-oxopropan-2-yl]amino]-5-oxopentanoic acid"
"166","Abies balsamea","glutathione","C10H17N3O6S","(2R)-2-amino-5-[[(2R)-1-(carboxymethylamino)-1-oxo-3-sulfanylpropan-2-yl]amino]-5-oxopentanoic acid"
"167","Abies balsamea","glutathione","C10H16N3O6S-","(2S)-2-azaniumyl-5-[[(2R)-1-(carboxylatomethylamino)-1-oxo-3-sulfanylpropan-2-yl]amino]-5-oxopentanoate"
"168","Abies balsamea","glutathione","C10H18N3O6S+","[(1S)-1-carboxy-4-[[(2R)-1-(carboxymethylamino)-1-oxo-3-sulfanylpropan-2-yl]amino]-4-oxobutyl]azanium"
"169","Abies balsamea","glutathione","C10H17N3O6S","2-amino-5-[[(2R)-1-(carboxymethylamino)-1-oxo-3-sulfanylpropan-2-yl]amino]-5-oxopentanoic acid"
"170","Abies balsamea","glutathione","C10H17N3O6S","(2S)-2-amino-5-[[(2S)-1-(carboxymethylamino)-1-oxo-3-sulfanylpropan-2-yl]amino]-5-oxopentanoic acid"
"171","Abies balsamea","glutathione","C10H17N3O6S","(2S)-2-azaniumyl-5-[[(2R)-1-(carboxymethylamino)-1-oxo-3-sulfanylpropan-2-yl]amino]-5-oxopentanoate"
"172","Abies balsamea","glutathione","C10H18N3O6S+","[(2R)-2-[[(4S)-4-amino-4-carboxybutanoyl]amino]-3-(carboxymethylamino)-3-oxopropyl]sulfanium"
"173","Abies balsamea","glutathione","C10H18N4O5S","(2S)-2-amino-5-[[(2R)-1-[(2-amino-2-oxoethyl)amino]-1-oxo-3-sulfanylpropan-2-yl]amino]-5-oxopentanoic acid"
"174","Abies balsamea","glutathione","C9H16N2O4S","2-[[(2R)-2-(butanoylamino)-3-sulfanylpropanoyl]amino]acetic acid"
"175","Abies balsamea","glutathione","C7H12N2O4S","2-[[(2R)-2-acetamido-3-sulfanylpropanoyl]amino]acetic acid"
"176","Abies balsamea","glutathione","C15H22O9","2-[[5-hydroxy-7-(hydroxymethyl)-1,4a,5,7a-tetrahydrocyclopenta[c]pyran-1-yl]oxy]-6-(hydroxymethyl)oxane-3,4,5-triol"
"177","Abies balsamea","glutathione","C10H16N3O6S-","(2R)-2-[[(4S)-4-amino-4-carboxybutanoyl]amino]-3-(carboxymethylamino)-3-oxopropane-1-thiolate"
"178","Abies balsamea","glutathione","C10H17N3O6S","(2S)-2-amino-5-[[(2R)-1-(hydroxycarbonyl(113C)methylamino)-1-oxo-3-sulfanylpropan-2-yl]amino]-5-oxopentanoic acid"
"179","Abies balsamea","glutathione","C10H17N3O6S","(2S)-2-amino-5-[[(2R)-1-[[carboxy(dideuterio)methyl]amino]-1-oxo-3-sulfanylpropan-2-yl]amino]-5-oxopentanoic acid"
"180","Abies balsamea","glutathione","C10H17N3O6S","(2R)-2-amino-5-[[(2S)-1-(carboxymethylamino)-1-oxo-3-sulfanylpropan-2-yl]amino]-5-oxopentanoic acid"
"181","Abies balsamea","glutathione","C10H16N3O6S-","(2R)-2-[[(4R)-4-amino-4-carboxybutanoyl]amino]-3-(carboxymethylamino)-3-oxopropane-1-thiolate"
"182","Abies balsamea","glutathione","C5H10N2O3","(2S)-2,5-diamino-5-oxopentanoic acid"
"183","Abies balsamea","glutathione","C20H32N6O12S2","(2S)-2-amino-5-[[3-[[2-[[(4S)-4-amino-4-carboxybutanoyl]amino]-3-(carboxymethylamino)-3-oxopropyl]disulfanyl]-1-(carboxymethylamino)-1-oxopropan-2-yl]amino]-5-oxopentanoic acid"
"184","Abies balsamea","glutathione","C7H12N2O4S","N-[(2R)-1-(carboxymethylamino)-1-oxo-3-sulfaniumylpropan-2-yl]ethanimidate"
"185","Abies balsamea","glutathione","C9H18N2O2S","N-[(2R)-1-(ethylamino)-1-oxo-3-sulfanylpropan-2-yl]butanamide"
"186","Abies balsamea","glutathione","C4H10N2OS","N-[(2R)-1-amino-3-sulfanylpropan-2-yl]formamide"
"187","Abies balsamea","glutathione","C4H11NS","(2R)-2-(methylamino)propane-1-thiol"
"188","Abies balsamea","glutathione","C8H15N3O4S","(2S)-2-amino-5-[[(2R)-1-amino-1-oxo-3-sulfanylpropan-2-yl]amino]-5-oxopentanoic acid"
"189","Abies balsamea","glutathione","H2S","sulfane"
"190","Abies balsamea","glutathione","CH4S","methanethiol"
"191","Abies balsamea","glutathione","C3H9NS","(2R)-2-aminopropane-1-thiol"
"192","Abies balsamea","glutathione","C3H7NOS","(2R)-2-amino-3-sulfanylpropanal"
"193","Abies balsamea","glutathione","C3H8N2OS","(2R)-2-amino-3-sulfanylpropanamide"
"194","Abies balsamea","glutathione","C4H10N2OS","(2R)-2-(methylamino)-3-sulfanylpropanamide"
"195","Abies balsamea","glutathione","C5H10N2O2S","(2R)-2-acetamido-3-sulfanylpropanamide"
"196","Abies balsamea","glutathione","C4H10N2OS","(2R)-2-amino-N-methyl-3-sulfanylpropanamide"
"197","Abies balsamea","glutathione","C10H13O6S",NA
"198","Abies balsamea","glutathione","C10H17N3O6S","(2S)-2-amino-5-[[(2R)-1-[carboxy(methyl)amino]-1-oxo-3-sulfanylpropan-2-yl]amino]-5-oxopentanoic acid"
"199","Abies balsamea","glutathione","C20H40N6O26S2","(2S)-2-azaniumyl-5-[[(2R)-3-[[(2R)-2-[[(4S)-4-azaniumyl-4-carboxylatobutanoyl]amino]-3-(carboxymethylamino)-3-oxopropyl]disulfanyl]-1-(carboxymethylamino)-1-oxopropan-2-yl]amino]-5-oxopentanoate;molecular oxygen;trioxirane;tetrahydrate"
"200","Abies balsamea","glutathione","C10H17N3O6S","2-[[2-[(2-azaniumyl-4-carboxybutanoyl)amino]-3-sulfanylpropanoyl]amino]acetate"
"201","Abies balsamea","ethanol","C2H6O","ethanol"
"202","Abies balsamea","ethanol","C2H7+","ethane;hydron"
"203","Abies balsamea","ethanol","C2H4O","ethenol"
"204","Abies balsamea","ethanol","C2H4O",NA
"205","Abies balsamea","ethanol","C2H5O",NA
"206","Abies balsamea","ethanol","C2H6O","(114C)ethanol"
"207","Abies balsamea","ethanol","C2H6O","(111C)ethanol"
"209","Abies balsamea","ethanol","CH4O","methanol"
"210","Abies balsamea","ethanol","C8H18O5","2-[2-[2-(2-hydroxyethoxy)ethoxy]ethoxy]ethanol"
"211","Abies balsamea","ethanol","C2H6O","(113C)ethanol"
"212","Abies balsamea","ethanol","C2H6O","(213C)ethanol"
"213","Abies balsamea","ethanol","C2H5O-","ethanol"
"214","Abies balsamea","ethanol","C4H12O2","ethanol"
"215","Abies balsamea","ethanol","C2H6O2","ethane-1,2-diol"
"216","Abies balsamea","ethanol","C2H8O","methane;methanol"
"218","Abies balsamea","methanol","CH4O","(113C)methanol"
"220","Abies balsamea","methanol","CH4O","(114C)methanol"
"221","Abies balsamea","methanol","CH3O",NA
"222","Abies balsamea","methanol","CH4O","(111C)methanol"
"223","Abies balsamea","methanol","CH3O-","methanolate"
"224","Abies balsamea","methanol","C12H24N2O2","tert-butyl N-ethyl-N-piperidin-4-ylcarbamate"
"225","Abies balsamea","methanol","CH2O2","dioxirane"
"227","Abies balsamea","methanol","CH2O","formaldehyde"
"228","Abies balsamea","methanol","C18H40NO6P","[(2S,3S,4R)-2-amino-3,4-dihydroxyoctadecyl] dihydrogen phosphate"
"229","Abies balsamea","methanol","C10H16O","(4-propan-2-ylcyclohexa-1,3-dien-1-yl)methanol"
"230","Abies balsamea","methanol","C7H6F3NO","[3-(trifluoromethyl)pyridin-2-yl]methanol"
"231","Abies balsamea","methanol","C7H11NOS","(2-ethyl-4-methyl-1,3-thiazol-5-yl)methanol"
"232","Abies balsamea","methanol","C10H9NOS","(5-pyridin-4-ylthiophen-2-yl)methanol"
"233","Abies balsamea","methanol","C9H8N2OS","(2-pyridin-3-yl-1,3-thiazol-4-yl)methanol"
"234","Abies balsamea","methanol","C5H8N2OS","4-(hydroxymethyl)-3-methyl-1H-imidazole-2-thione"
"235","Abies balsamea","methanol","C9H10N2O","(1-methylindazol-3-yl)methanol"
"236","Abies balsamea","methanol","C8H9BrO","(4-bromo-3-methylphenyl)methanol"
"237","Abies balsamea","methanol","C7H8BrNO","(2-amino-5-bromophenyl)methanol"
"238","Abies balsamea","methanol","C12H12O2","(5-benzylfuran-2-yl)methanol"
"239","Abies balsamea","methanol","C10H12N2O","(1-ethylbenzimidazol-2-yl)methanol"
"240","Abies balsamea","methanol","C9H10O2","(3-phenyloxiran-2-yl)methanol"
"241","Abies balsamea","methanol","C8H9NO3","(2-methyl-5-nitrophenyl)methanol"
"242","Abies balsamea","methanol","C6H6ClNO","(5-chloropyridin-3-yl)methanol"
"243","Abies balsamea","methanol","C4H6N2O","1H-pyrazol-5-ylmethanol"
"244","Abies balsamea","methanol","C6H8N2O","(2-aminopyridin-3-yl)methanol"
"245","Abies balsamea","methanol","C8H17NO","(1-propan-2-ylpyrrolidin-3-yl)methanol"
"246","Abies balsamea","methanol","C10H10N2O","(2-imidazol-1-ylphenyl)methanol"
"247","Abies balsamea","methanol","C4H6N2O2","(5-methyl-1,2,4-oxadiazol-3-yl)methanol"
"248","Abies balsamea","methanol","C6H10O4","(4-methoxy-3,6-dioxabicyclo[3.1.0]hexan-2-yl)methanol"
"249","Abies balsamea","methanol","C13H12O2","(2-phenylphenoxy)methanol"
"250","Abies balsamea","methanol","C7H3F11O","(1,2,2,3,3,4,4,5,5,6,6-undecafluorocyclohexyl)methanol"
"251","Abies balsamea","methanol","C16H13NO","(2-phenylquinolin-4-yl)methanol"
"252","Abies balsamea","methanol","C6H9NO2","(2,4-dimethyl-1,3-oxazol-5-yl)methanol"
"253","Abies balsamea","methanol","C12H11NO","(4-pyridin-4-ylphenyl)methanol"
"254","Abies balsamea","methanol","C7H15NO","(3-methylpiperidin-3-yl)methanol"
"255","Abies balsamea","methanol","C7H6BrFO","(4-bromo-3-fluorophenyl)methanol"
"256","Abies balsamea","methanol","C7H8BrNO","(5-bromo-3-methylpyridin-2-yl)methanol"
"257","Abies balsamea","methanol","C7H6BrFO","(2-bromo-6-fluorophenyl)methanol"
"258","Abies balsamea","methanol","C9H9BrO3","(6-bromo-2,3-dihydro-1,4-benzodioxin-3-yl)methanol"
"259","Abies balsamea","methanol","C6H6FNO","(3-fluoropyridin-2-yl)methanol"
"260","Abies balsamea","methanol","C7H9NO","(6-methylpyridin-3-yl)methanol"
"261","Abies balsamea","methanol","C11H11NO","(4-methylquinolin-2-yl)methanol"
"262","Abies balsamea","methanol","C10H10O3","(5-methoxy-1-benzofuran-2-yl)methanol"
"263","Abies balsamea","methanol","C11H14O2","(2,2-dimethyl-3H-1-benzofuran-7-yl)methanol"
"264","Abies balsamea","methanol","C9H7BrO2","(5-bromo-1-benzofuran-2-yl)methanol"
"265","Abies balsamea","methanol","C5H8N2O","(3-methylimidazol-4-yl)methanol"
"266","Abies balsamea","methanol","C9H7ClOS","(5-chloro-1-benzothiophen-3-yl)methanol"
"267","Abies balsamea","methanol","C11H11ClN2O","(5-chloro-1-methyl-3-phenylpyrazol-4-yl)methanol"
"268","Abies balsamea","methanol","C12H12N2O","(4-methyl-2-phenylpyrimidin-5-yl)methanol"
"269","Abies balsamea","methanol","C8H10N2O2","4-(hydroxymethyl)-N-methylpyridine-2-carboxamide"
"270","Abies balsamea","methanol","C11H10ClNO","(2-chloro-8-methylquinolin-3-yl)methanol"
"271","Abies balsamea","methanol","C12H17NO2","(4-benzylmorpholin-2-yl)methanol"
"272","Abies balsamea","methanol","C9H10N2O","(2-methylimidazo[1,2-a]pyridin-3-yl)methanol"
"273","Abies balsamea","methanol","C13H12O","(2-phenylphenyl)methanol"
"274","Abies balsamea","methanol","C6H6ClNO","(2-chloropyridin-3-yl)methanol"
"275","Abies balsamea","methanol","C10H14N2O2","(2-morpholin-4-ylpyridin-3-yl)methanol"
"276","Abies balsamea","methanol","C9H8N2OS","(4-phenylthiadiazol-5-yl)methanol"
"277","Abies balsamea","methanol","C10H11NO","(1-methylindol-5-yl)methanol"
"278","Abies balsamea","methanol","C4H6N2OS","(2-amino-1,3-thiazol-4-yl)methanol"
"279","Abies balsamea","methanol","C11H10O3","(5-phenoxyfuran-2-yl)methanol"
"280","Abies balsamea","methanol","C9H8BrNO","(5-bromo-1H-indol-2-yl)methanol"
"281","Abies balsamea","methanol","C11H9BrO","(4-bromonaphthalen-1-yl)methanol"
"282","Abies balsamea","methanol","C6H10N2O","(1,4-dimethylimidazol-2-yl)methanol"
"283","Abies balsamea","methanol","C6H13NO","(1-methylpyrrolidin-3-yl)methanol"
"284","Abies balsamea","methanol","C11H12N2O","(1-benzylimidazol-2-yl)methanol"
"285","Abies balsamea","methanol","C10H12O","2,3-dihydro-1H-inden-2-ylmethanol"
"286","Abies balsamea","methanol","C11H13NO2","(4-methyl-2-phenyl-5H-1,3-oxazol-4-yl)methanol"
"287","Abies balsamea","methanol","C7H15NO","(1-ethylpyrrolidin-3-yl)methanol"
"288","Abies balsamea","methanol","C3H6N4O","(3-amino-1H-1,2,4-triazol-5-yl)methanol"
"289","Abies balsamea","methanol","C13H19NO","(1-benzylpiperidin-4-yl)methanol"
"290","Abies balsamea","methanol","C13H18O","(1-phenylcyclohexyl)methanol"
"291","Abies balsamea","methanol","C8H7IO3","(6-iodo-1,3-benzodioxol-5-yl)methanol"
"292","Abies balsamea","methanol","C8H12N2O","4,5,6,7-tetrahydropyrazolo[1,5-a]pyridin-2-ylmethanol"
"293","Abies balsamea","methanol","C7H10N2O2","6,7-dihydro-5H-pyrazolo[5,1-b][1,3]oxazin-2-ylmethanol"
"294","Abies balsamea","methanol","C7H11N3O","4,5,6,7-tetrahydropyrazolo[1,5-a]pyrazin-2-ylmethanol"
"295","Abies balsamea","methanol","C7H11NO2","(2-ethyl-5-methyl-1,3-oxazol-4-yl)methanol"
"296","Abies balsamea","methanol","C13H15NO","(2,5-dimethyl-1-phenylpyrrol-3-yl)methanol"
"297","Abies balsamea","methanol","C12H17NO","(4-piperidin-1-ylphenyl)methanol"
"298","Abies balsamea","methanol","C6H7ClN2O2","(6-chloro-4-methoxypyridazin-3-yl)methanol"
"299","Abies balsamea","methanol","C11H16N2O","(6-piperidin-1-ylpyridin-3-yl)methanol"
"300","Abies balsamea","methanol","C11H16N2O","(2-piperidin-1-ylpyridin-3-yl)methanol"
"301","Abies balsamea","methanol","C11H15NO","(2-pyrrolidin-1-ylphenyl)methanol"
"302","Abies balsamea","methanol","C5H7NOS","(2-methyl-1,3-thiazol-4-yl)methanol"
"303","Abies balsamea","methanol","C12H10N2OS","(6-phenylimidazo[2,1-b][1,3]thiazol-5-yl)methanol"
"304","Abies balsamea","methanol","C5H5BrOS","(5-bromothiophen-2-yl)methanol"
"305","Abies balsamea","methanol","C6H6ClNO","(3-chloropyridin-4-yl)methanol"
"306","Abies balsamea","methanol","C7H6ClNO3","(3-chloro-5-nitrophenyl)methanol"
"307","Abies balsamea","methanol","C16H16O5","1,3-benzodioxol-5-yl-(3,5-dimethoxyphenyl)methanol"
"308","Abies balsamea","methanol","C11H10OS","(2-thiophen-2-ylphenyl)methanol"
"309","Abies balsamea","methanol","C5H5BrOS","(3-bromothiophen-2-yl)methanol"
"310","Abies balsamea","methanol","C11H11NO2","(5-methyl-2-phenyl-1,3-oxazol-4-yl)methanol"
"311","Abies balsamea","methanol","C10H10N2O","(1-phenylpyrazol-4-yl)methanol"
"312","Abies balsamea","methanol","C7H16O3","2-butoxyethoxymethanol"
"313","Abies balsamea","methanol","C5H8N2O","(1-methylpyrazol-3-yl)methanol"
"314","Abies balsamea","methanol","C12H11NO","(3-pyridin-4-ylphenyl)methanol"
"315","Abies balsamea","methanol","C11H9IO","(8-iodonaphthalen-1-yl)methanol"
"316","Abies balsamea","methanol","C12H17NO","(2-piperidin-1-ylphenyl)methanol"
"317","Abies balsamea","methanol","C5H5ClN2O","(3-chloropyrazin-2-yl)methanol"
"318","Abies balsamea","methanol","C11H10OS","(3-thiophen-3-ylphenyl)methanol"
"319","Abies balsamea","methanol","C6H8N2O","(6-methylpyridazin-3-yl)methanol"
"320","Abies balsamea","methanol","C9H7BrOS","(5-bromo-1-benzothiophen-3-yl)methanol"
"321","Abies balsamea","methanol","C11H10N2O","(3-pyrimidin-5-ylphenyl)methanol"
"322","Abies balsamea","methanol","C8H8N2OS","(3-thiophen-2-yl-1H-pyrazol-5-yl)methanol"
"323","Abies balsamea","methanol","C12H11NO","(2-pyridin-3-ylphenyl)methanol"
"324","Abies balsamea","methanol","C8H9NO2","(4-methylfuro[3,2-b]pyrrol-5-yl)methanol"
"325","Abies balsamea","methanol","C16H13NOS","(2,4-diphenyl-1,3-thiazol-5-yl)methanol"
"326","Abies balsamea","methanol","C11H12N2O","(2-methyl-5-phenylpyrazol-3-yl)methanol"
"327","Abies balsamea","methanol","C11H16N2O","piperidin-4-yl(pyridin-2-yl)methanol"
"328","Abies balsamea","methanol","C5H7NO2","(5-methyl-1,3-oxazol-2-yl)methanol"
"329","Abies balsamea","methanol","C11H16N2O","(2-piperidin-1-ylpyridin-4-yl)methanol"
"330","Abies balsamea","methanol","C10H8N2O3","(6-nitroquinolin-2-yl)methanol"
"331","Abies balsamea","methanol","C11H10N2O","(3-pyrimidin-2-ylphenyl)methanol"
"332","Abies balsamea","methanol","C11H10OS","(4-thiophen-2-ylphenyl)methanol"
"333","Abies balsamea","methanol","C8H9ClO2","(3-chloro-5-methoxyphenyl)methanol"
"334","Abies balsamea","methanol","C10H14O2S","(4-thiophen-2-yloxan-4-yl)methanol"
"335","Abies balsamea","methanol","C8H9N3O","(6-amino-2H-indazol-3-yl)methanol"
"336","Abies balsamea","methanol","C9H13N3O2","(2-morpholin-4-ylpyrimidin-5-yl)methanol"
"337","Abies balsamea","methanol","C10H14N2O","(5-pyrrolidin-1-ylpyridin-2-yl)methanol"
"338","Abies balsamea","methanol","C8H10BrNO2","(2-amino-5-bromo-3-methoxyphenyl)methanol"
"339","Abies balsamea","methanol","C9H7NO4","(5-nitro-1-benzofuran-2-yl)methanol"
"340","Abies balsamea","methanol","C10H9NO2","(3-phenyl-1,2-oxazol-5-yl)methanol"
"341","Abies balsamea","methanol","C6H9NO2","(2,5-dimethyl-1,3-oxazol-4-yl)methanol"
"342","Abies balsamea","methanol","CH3O+","methylideneoxidanium"
"343","Abies balsamea","lignan","C25H30O8","ethyl 6,7-dimethoxy-3-methyl-4-oxo-1-(3,4,5-trimethoxyphenyl)-2,3-dihydro-1H-naphthalene-2-carboxylate"
"344","Abies balsamea","lignan","C23H28O10","3,4-dihydroxy-3-(hydroxymethyl)-6,7-dimethoxy-1-(3,4,5-trimethoxyphenyl)-2,4-dihydro-1H-naphthalene-2-carboxylic acid"
"345","Abies balsamea","lignan","C23H26O9","3a,9a-dihydroxy-6,7-dimethoxy-4-(3,4,5-trimethoxyphenyl)-4,9-dihydro-1H-benzo[f][2]benzofuran-3-one"
"346","Abies balsamea","lignan","C18H22","(2,3-dimethyl-4-phenylbutyl)benzene"
"347","Abies balsamea","flavonoid","C15H10O6","5,6,7-trihydroxy-2-(4-hydroxyphenyl)chromen-4-one"
"348","Abies balsamea","flavonoid","C17H14O6","5-hydroxy-2-(4-hydroxy-3-methoxyphenyl)-7-methoxychromen-4-one"
"349","Abies balsamea","flavonoid","C21H22O8","2-(3,4-dimethoxyphenyl)-5,6,7,8-tetramethoxychromen-4-one"
"350","Abies balsamea","flavonoid","C16H12O7","2-(3,4-dihydroxyphenyl)-3,5-dihydroxy-7-methoxychromen-4-one"
"351","Abies balsamea","flavonoid","C16H12O7","3,5,7-trihydroxy-2-(4-hydroxy-3-methoxyphenyl)chromen-4-one"
"352","Abies balsamea","flavonoid","C27H30O16","2-(3,4-dihydroxyphenyl)-5,7-dihydroxy-3-[(2S,3R,4S,5S,6R)-3,4,5-trihydroxy-6-[[(2R,3R,4R,5R,6S)-3,4,5-trihydroxy-6-methyloxan-2-yl]oxymethyl]oxan-2-yl]oxychromen-4-one"
"353","Abies balsamea","flavonoid","C15H12O2","2-phenyl-2,3-dihydrochromen-4-one"
"354","Abies balsamea","flavonoid","C33H42O19","2-[3,4-bis(2-hydroxyethoxy)phenyl]-5-hydroxy-7-(2-hydroxyethoxy)-3-[(2S,3R,4S,5S,6R)-3,4,5-trihydroxy-6-[[(2R,3R,4R,5R,6S)-3,4,5-trihydroxy-6-methyloxan-2-yl]oxymethyl]oxan-2-yl]oxychromen-4-one"
"355","Abies balsamea","taxifolin","C15H12O7","(2R,3R)-2-(3,4-dihydroxyphenyl)-3,5,7-trihydroxy-2,3-dihydrochromen-4-one"
"356","Abies balsamea","taxifolin","C15H12O7","2-(3,4-dihydroxyphenyl)-3,5,7-trihydroxy-2,3-dihydrochromen-4-one"
"357","Abies balsamea","taxifolin","C15H12O7","(3R)-2-(3,4-dihydroxyphenyl)-3,5,7-trihydroxy-2,3-dihydrochromen-4-one"
"358","Abies balsamea","taxifolin","C15H12O7","2-(3,4-dihydroxyphenyl)-3,6,7-trihydroxy-2,3-dihydrochromen-4-one"
"359","Abies balsamea","taxifolin","C15H12O7","(2R,3S)-2-(3,4-dihydroxyphenyl)-3,5,7-trihydroxy-2,3-dihydrochromen-4-one"
"360","Abies balsamea","taxifolin","C15H12O7","(2S,3S)-2-(3,4-dihydroxyphenyl)-3,5,7-trihydroxy-2,3-dihydrochromen-4-one"
"361","Abies balsamea","taxifolin","C15H11O7-","(2R,3R)-2-(3,4-dihydroxyphenyl)-3,7-dihydroxy-4-oxo-2,3-dihydrochromen-5-olate"
"362","Abies balsamea","taxifolin","C15H12O7","(2R,3R)-2-(3,4-dihydroxyphenyl)-3,6,7-trihydroxy-2,3-dihydrochromen-4-one"
"363","Abies balsamea","taxifolin","C15H12O7","(2R)-2-(3,4-dihydroxyphenyl)-3,5,7-trihydroxy-2,3-dihydrochromen-4-one"
"364","Abies balsamea","taxifolin","C16H14O6","2-(3,4-dihydroxyphenyl)-5,7-dihydroxy-3-methyl-2,3-dihydrochromen-4-one"
"365","Abies balsamea","taxifolin","C15H12O7","(2S,3R)-3-(3,4-dihydroxyphenyl)-2,6,8-trihydroxy-2,3-dihydrochromen-4-one"
"366","Abies balsamea","taxifolin","C8H6BrN3S","5-(3-bromophenyl)-1,2-dihydro-1,2,4-triazole-3-thione"
"367","Abies balsamea","diethyl maleate","C8H12O4","diethyl (Z)-but-2-enedioate"
"368","Abies balsamea","diethyl maleate","C8H12O4","diethyl but-2-enedioate"
"369","Abies balsamea","diethyl maleate","C8H12O4","diethyl (E)-but-2-enedioate"
"370","Abies balsamea","diethyl maleate","C8H14O4","ethyl formate;ethyl prop-2-enoate"
"371","Abies balsamea","no3","NO3-","nitrate"
"372","Abies balsamea","no3","HNO3","nitric acid"
"373","Abies balsamea","no3","H3NO3","azorous acid"
"374","Abies balsamea","no3","H2NO3+","nitronium;hydrate"
"375","Abies balsamea","nh4","H4N+","azanium"
"376","Abies balsamea","nh4","H3N","azane"
"377","Abies balsamea","nh4","H2N-","azanide"
"378","Abies balsamea","po4","O4P-3","phosphate"
"379","Abies balsamea","po4","H4O4P+","tetrahydroxyphosphanium"
"380","Abies balsamea","po4","H3O4P","phosphoric acid"
"381","Abies balsamea","po4","HO2P","phosphenous acid"
"382","Abies balsamea","po4","H2O3P+","dihydroxy(oxo)phosphanium"
"383","Abies balsamea","po4","H3P","phosphane"
"384","Abies balsamea","po4","HO4P","3-hydroxy-1,2,3lambda5-dioxaphosphirane 3-oxide"
"385","Abies balsamea","po4","P-3","phosphorus(3-)"
"386","Abies balsamea","po4","H4NO3P","aminophosphonic acid"
"387","Abies balsamea","po4","H4O4P+","dihydroxy(oxo)phosphanium;hydrate"
"388","Abies balsamea","so4","H2O4S","sulfuric acid"
"389","Abies balsamea","so4","O2S","sulfur dioxide"
"390","Abies balsamea","so4","O4S","dioxathiirane 3,3-dioxide"
"391","Abies balsamea","so4","HOS-",NA
"392","Abies balsamea","so4","OS","sulfur monoxide"
"393","Abies balsamea","so4","O4S-2","sulfate"
"395","Abies balsamea","so4","H2O3S","sulfurous acid"
"396","Abies balsamea","so4","HS-","sulfanide"
"397","Abies balsamea","so4","H4O4S","tetrahydroxy-lambda4-sulfane"
"399","Abies balsamea","so4","H10O4S","sulfane;tetrahydrate"
"400","Abies balsamea","so4","H4O4S","sulfurous acid;hydrate"
"401","Abies balsamea","so4","H5NO4S",NA
"402","Abies balsamea","so4","H4O4S","sulfur dioxide;dihydrate"
"403","Abies balsamea","so4","H4O5S","tetrahydroxy(oxo)-lambda6-sulfane"
"404","Abies balsamea","lanostane","C30H54","(5S,8R,9S,10R,13R,14S,17R)-4,4,10,13,14-pentamethyl-17-[(2R)-6-methylheptan-2-yl]-2,3,5,6,7,8,9,11,12,15,16,17-dodecahydro-1H-cyclopenta[a]phenanthrene"
"405","Abies balsamea","lanostane","C30H54","4,4,10,13,14-pentamethyl-17-(6-methylheptan-2-yl)-2,3,5,6,7,8,9,11,12,15,16,17-dodecahydro-1H-cyclopenta[a]phenanthrene"
"406","Abies balsamea","cycloartane","C30H52","(1S,3R,8S,11S,12S,15R,16R)-7,7,12,16-tetramethyl-15-[(2R)-6-methylheptan-2-yl]pentacyclo[9.7.0.01,3.03,8.012,16]octadecane"
"407","Abies balsamea","cycloartane","C30H52","(1S,3S,8R,11S,12S,15R,16R)-7,7,12,16-tetramethyl-15-[(2R)-6-methylheptan-2-yl]pentacyclo[9.7.0.01,3.03,8.012,16]octadecane"
"408","Abies balsamea","cycloartane","C7H9N3O4","ethyl 2-(4-nitropyrazol-1-yl)acetate"
"409","Abies balsamea","cycloartane","C30H52","7,7,12,16-tetramethyl-15-(6-methylheptan-2-yl)pentacyclo[9.7.0.01,3.03,8.012,16]octadecane"
"410","Abies balsamea","triterpenoids","C29H44O5","(4aS,6aS,6aS,6bR,9S,10S,11S,12aR,14bS)-9,10,11-trihydroxy-2,2,6a,6b,9,12a-hexamethyl-1,3,4,5,6,6a,7,10,11,12,13,14b-dodecahydropicene-4a-carboxylic acid"
"411","Abies balsamea","triterpenoids","C29H44O5","9,10,11-trihydroxy-2,2,6a,6b,9,12a-hexamethyl-1,3,4,5,6,6a,7,10,11,12,13,14b-dodecahydropicene-4a-carboxylic acid"
"412","Abies balsamea","triterpenoids","C30H48O7S","(4aS,6aR,6aS,6bR,8aR,9R,10S,12aR,14bS)-10-hydroxy-2,2,6a,6b,9,12a-hexamethyl-9-(sulfooxymethyl)-1,3,4,5,6,6a,7,8,8a,10,11,12,13,14b-tetradecahydropicene-4a-carboxylic acid"
"414","Abies balsamea","triterpenoid","C30H48O7S","(1S,2R,4aS,6aR,6aS,6bR,8aR,9R,10S,12aR,14bS)-10-hydroxy-1,2,6a,6b,9,12a-hexamethyl-9-(sulfooxymethyl)-2,3,4,5,6,6a,7,8,8a,10,11,12,13,14b-tetradecahydro-1H-picene-4a-carboxylic acid"
"415","Abies balsamea","triterpenoid","C30H50O3","(1S,3aS,5aR,5bR,7aR,9S,11aR,11bR,13aR,13bR)-9-hydroxy-5a,5b,8,8,11a-pentamethyl-1-propan-2-yl-1,2,3,4,5,6,7,7a,9,10,11,11b,12,13,13a,13b-hexadecahydrocyclopenta[a]chrysene-3a-carboxylic acid"
"416","Abies balsamea","triterpenoid","C30H50O2","(1R,3aS,5aR,5bR,7aR,9S,11aR,11bR,13aR,13bR)-3a-(hydroxymethyl)-5a,5b,8,8,11a-pentamethyl-1-prop-1-en-2-yl-1,2,3,4,5,6,7,7a,9,10,11,11b,12,13,13a,13b-hexadecahydrocyclopenta[a]chrysen-9-ol"
"417","Abies balsamea","triterpenoid","C29H46O4","(1R,3aS,5aR,5bR,7aR,9S,11aR,11bR,13aR,13bS)-1-acetyl-9-hydroxy-5a,5b,8,8,11a-pentamethyl-1,2,3,4,5,6,7,7a,9,10,11,11b,12,13,13a,13b-hexadecahydrocyclopenta[a]chrysene-3a-carboxylic acid"
"418","Abies balsamea","triterpenoid","C33H52O5","(2-methoxy-2-oxoethyl) (3aS,5aR,5bR,7aR,9S,11aR,11bR,13aR,13bR)-9-hydroxy-5a,5b,8,8,11a-pentamethyl-1-prop-1-en-2-yl-1,2,3,4,5,6,7,7a,9,10,11,11b,12,13,13a,13b-hexadecahydrocyclopenta[a]chrysene-3a-carboxylate"
"419","Abies balsamea","triterpenoid","C32H50O4","(3aS,5aR,5bR,7aR,9S,11aR,11bR,13aR,13bR)-9-acetyloxy-5a,5b,8,8,11a-pentamethyl-1-prop-1-en-2-yl-1,2,3,4,5,6,7,7a,9,10,11,11b,12,13,13a,13b-hexadecahydrocyclopenta[a]chrysene-3a-carboxylic acid"
"420","Abies balsamea","triterpenoid","C37H52O4","(3aS,5aR,5bR,7aR,9S,11aR,11bR,13aR,13bR)-9-benzoyloxy-5a,5b,8,8,11a-pentamethyl-1-prop-1-en-2-yl-1,2,3,4,5,6,7,7a,9,10,11,11b,12,13,13a,13b-hexadecahydrocyclopenta[a]chrysene-3a-carboxylic acid"
"421","Abies balsamea","triterpenoid","C34H52O4","(3aS,5aR,5bR,7aR,9S,11aR,11bR,13aR,13bR)-9-[(E)-but-2-enoyl]oxy-5a,5b,8,8,11a-pentamethyl-1-prop-1-en-2-yl-1,2,3,4,5,6,7,7a,9,10,11,11b,12,13,13a,13b-hexadecahydrocyclopenta[a]chrysene-3a-carboxylic acid"
"422","Abies balsamea","triterpenoid","C30H48O6S","(3aS,5aR,5bR,7aR,9S,11aR,11bR,13aR,13bR)-5a,5b,8,8,11a-pentamethyl-1-prop-1-en-2-yl-9-sulfooxy-1,2,3,4,5,6,7,7a,9,10,11,11b,12,13,13a,13b-hexadecahydrocyclopenta[a]chrysene-3a-carboxylic acid"
"423","Abies balsamea","triterpenoid","C34H52O6","(3aS,5aR,5bR,7aR,9S,11aR,11bR,13aR,13bR)-9-(3-carboxypropanoyloxy)-5a,5b,8,8,11a-pentamethyl-1-prop-1-en-2-yl-1,2,3,4,5,6,7,7a,9,10,11,11b,12,13,13a,13b-hexadecahydrocyclopenta[a]chrysene-3a-carboxylic acid"
"424","Abies balsamea","triterpenoid","C35H54O6","(1R,3aS,5aR,5bR,7aR,9S,11aR,11bR,13aR,13bR)-9-(4-carboxybutanoyloxy)-5a,5b,8,8,11a-pentamethyl-1-prop-1-en-2-yl-1,2,3,4,5,6,7,7a,9,10,11,11b,12,13,13a,13b-hexadecahydrocyclopenta[a]chrysene-3a-carboxylic acid"
"425","Abies balsamea","triterpenoid","C35H55NO5","[(1R,3aS,5aR,5bR,7aR,9S,11aR,11bR,13aR,13bR)-9-hydroxy-5a,5b,8,8,11a-pentamethyl-1-prop-1-en-2-yl-1,2,3,4,5,6,7,7a,9,10,11,11b,12,13,13a,13b-hexadecahydrocyclopenta[a]chrysene-3a-carbonyl] morpholine-4-carboxylate"
"426","Abies balsamea","triterpenoid","C35H57NO5","[(1S,3aS,5aR,5bR,7aR,9S,11aR,11bR,13aR,13bR)-9-hydroxy-5a,5b,8,8,11a-pentamethyl-1-propan-2-yl-1,2,3,4,5,6,7,7a,9,10,11,11b,12,13,13a,13b-hexadecahydrocyclopenta[a]chrysene-3a-carbonyl] morpholine-4-carboxylate"
"427","Abies balsamea","triterpenoid","C37H56O3","benzyl (1S,3aS,5aR,5bR,7aR,9S,11aR,11bR,13aR,13bR)-9-hydroxy-5a,5b,8,8,11a-pentamethyl-1-propan-2-yl-1,2,3,4,5,6,7,7a,9,10,11,11b,12,13,13a,13b-hexadecahydrocyclopenta[a]chrysene-3a-carboxylate"
"428","Abies balsamea","triterpenoid","C35H56O6","(1S,3aS,5aR,5bR,7aR,9S,11aR,11bR,13aR,13bR)-9-(4-carboxybutanoyloxy)-5a,5b,8,8,11a-pentamethyl-1-propan-2-yl-1,2,3,4,5,6,7,7a,9,10,11,11b,12,13,13a,13b-hexadecahydrocyclopenta[a]chrysene-3a-carboxylic acid"
"429","Abies balsamea","triterpenoid","C34H54O6","(1S,3aS,5aR,5bR,7aR,9S,11aR,11bR,13aR,13bR)-9-(3-carboxypropanoyloxy)-5a,5b,8,8,11a-pentamethyl-1-propan-2-yl-1,2,3,4,5,6,7,7a,9,10,11,11b,12,13,13a,13b-hexadecahydrocyclopenta[a]chrysene-3a-carboxylic acid"
"430","Abies balsamea","triterpenoid","C40H62O6","(1S,3aS,5aR,5bR,7aR,9S,11aR,11bR,13aR,13bR)-5a,5b,8,8,11a-pentamethyl-1-propan-2-yl-9-(4,7,7-trimethyl-3-oxo-2-oxabicyclo[2.2.1]heptane-1-carbonyl)oxy-1,2,3,4,5,6,7,7a,9,10,11,11b,12,13,13a,13b-hexadecahydrocyclopenta[a]chrysene-3a-carboxylic acid"
"431","Abies balsamea","triterpenoid","C35H58O4","(1S,3aS,5aR,5bR,7aR,9S,11aR,11bR,13aR,13bR)-5a,5b,8,8,11a-pentamethyl-9-(3-methylbutanoyloxy)-1-propan-2-yl-1,2,3,4,5,6,7,7a,9,10,11,11b,12,13,13a,13b-hexadecahydrocyclopenta[a]chrysene-3a-carboxylic acid"
"432","Abies balsamea","triterpenoid","C35H58O4","(1S,3aS,5aR,5bR,7aR,9S,11aR,11bR,13aR,13bR)-9-(2,2-dimethylpropanoyloxy)-5a,5b,8,8,11a-pentamethyl-1-propan-2-yl-1,2,3,4,5,6,7,7a,9,10,11,11b,12,13,13a,13b-hexadecahydrocyclopenta[a]chrysene-3a-carboxylic acid"
"433","Abies balsamea","triterpenoid","C50H70O11","(3,4,5-trimethoxybenzoyl) (1S,3aS,5aR,5bR,7aR,9S,11aR,11bR,13aR,13bR)-5a,5b,8,8,11a-pentamethyl-1-propan-2-yl-9-(3,4,5-trimethoxybenzoyl)oxy-1,2,3,4,5,6,7,7a,9,10,11,11b,12,13,13a,13b-hexadecahydrocyclopenta[a]chrysene-3a-carboxylate"
"434","Abies balsamea","triterpenoid","C43H64O6","4-[[(1S,3aS,5aR,5bR,7aR,9S,11aR,11bR,13aR,13bR)-5a,5b,8,8,11a-pentamethyl-3a-phenylmethoxycarbonyl-1-propan-2-yl-1,2,3,4,5,6,7,7a,9,10,11,11b,12,13,13a,13b-hexadecahydrocyclopenta[a]chrysen-9-yl]oxy]-2,2-dimethyl-4-oxobutanoic acid"
"435","Abies balsamea","triterpenoid","C42H62O6","5-[[(1S,3aS,5aR,5bR,7aR,9S,11aR,11bR,13aR,13bR)-5a,5b,8,8,11a-pentamethyl-3a-phenylmethoxycarbonyl-1-propan-2-yl-1,2,3,4,5,6,7,7a,9,10,11,11b,12,13,13a,13b-hexadecahydrocyclopenta[a]chrysen-9-yl]oxy]-5-oxopentanoic acid"
"436","Abies balsamea","triterpenoid","C33H55NO4","dimethylcarbamoyl (1S,3aS,5aR,5bR,7aR,9S,11aR,11bR,13aR,13bR)-9-hydroxy-5a,5b,8,8,11a-pentamethyl-1-propan-2-yl-1,2,3,4,5,6,7,7a,9,10,11,11b,12,13,13a,13b-hexadecahydrocyclopenta[a]chrysene-3a-carboxylate"
"437","Abies balsamea","triterpenoid","C30H48O3","(1S,3aS,5aR,5bR,7aR,11aR,11bR,13aR,13bR)-5a,5b,8,8,11a-pentamethyl-9-oxo-1-propan-2-yl-2,3,4,5,6,7,7a,10,11,11b,12,13,13a,13b-tetradecahydro-1H-cyclopenta[a]chrysene-3a-carboxylic acid"
"438","Abies balsamea","triterpenoid","C33H53NO4","dimethylcarbamoyl (1S,3aS,5aR,5bR,7aR,11aR,11bR,13aR,13bR)-5a,5b,8,8,11a-pentamethyl-9-oxo-1-propan-2-yl-2,3,4,5,6,7,7a,10,11,11b,12,13,13a,13b-tetradecahydro-1H-cyclopenta[a]chrysene-3a-carboxylate"
"439","Abies balsamea","triterpenoid","C35H54O6","(1S,2R,4aS,6aS,6bR,10S,12aR)-10-(4-carboxybutanoyloxy)-1,2,6a,6b,9,9,12a-heptamethyl-2,3,4,5,6,6a,7,8,8a,10,11,12,13,14b-tetradecahydro-1H-picene-4a-carboxylic acid"
"440","Abies balsamea","triterpenoid","C37H58O6","5-O-[(3S,6aR,6bS,8aS,11R,12S,14bR)-8a-methoxycarbonyl-4,4,6a,6b,11,12,14b-heptamethyl-2,3,4a,5,6,7,8,9,10,11,12,12a,14,14a-tetradecahydro-1H-picen-3-yl] 1-O-methyl pentanedioate"
"441","Abies balsamea","triterpenoid","C32H48O6","(1R,3aS,5aR,5bR,9S,11aR,11bR,13aR,13bR)-5a,5b,8,8,11a-pentamethyl-9-oxalooxy-1-prop-1-en-2-yl-1,2,3,4,5,6,7,7a,9,10,11,11b,12,13,13a,13b-hexadecahydrocyclopenta[a]chrysene-3a-carboxylic acid"
"442","Abies balsamea","triterpenoid","C33H50O6","(1R,3aS,5aR,5bR,9S,11aR,11bR,13aR,13bR)-9-(2-carboxyacetyl)oxy-5a,5b,8,8,11a-pentamethyl-1-prop-1-en-2-yl-1,2,3,4,5,6,7,7a,9,10,11,11b,12,13,13a,13b-hexadecahydrocyclopenta[a]chrysene-3a-carboxylic acid"
"443","Abies balsamea","triterpenoid","C35H54O6","(1R,3aS,5aR,5bR,9S,11aR,11bR,13aR,13bR)-9-(4-methoxy-4-oxobutanoyl)oxy-5a,5b,8,8,11a-pentamethyl-1-prop-1-en-2-yl-1,2,3,4,5,6,7,7a,9,10,11,11b,12,13,13a,13b-hexadecahydrocyclopenta[a]chrysene-3a-carboxylic acid"
"444","Abies balsamea","triterpenoid","C30H50O3","(1S,5aR,5bR,7aR,9S,11aR,11bR,13aR,13bR)-9-hydroxy-5a,5b,8,8,11a-pentamethyl-1-propan-2-yl-1,2,3,4,5,6,7,7a,9,10,11,11b,12,13,13a,13b-hexadecahydrocyclopenta[a]chrysene-3a-carboxylic acid"
"445","Abies balsamea","abiesonic acid","C29H40O5","(E)-6-[(1'S,3S,6R,7S,7aS)-7-(3-methoxy-3-oxopropyl)-1'-methyl-3'-methylidene-6-prop-1-en-2-ylspiro[1,2,5,6,7,7a-hexahydroindene-3,2'-cyclopentane]-1'-yl]-2-methyl-4-oxohex-2-enoic acid"
"446","Abies balsamea","srl","C24H42O7P2","4-[2,2-bis(diethoxyphosphoryl)ethenyl]-2,6-ditert-butylphenol"
"447","Abies balsamea","srl","C24H44O7P2","4-[2,2-bis(diethoxyphosphoryl)ethyl]-2,6-ditert-butylphenol"
"448","Abies balsamea","srl","Al6B3Fe3H4NaO31Si6","hexaaluminum;sodium;2,2,4,4,6,6,8,8,10,10,12,12-dodecaoxido-1,3,5,7,9,11-hexaoxa-2,4,6,8,10,12-hexasilacyclododecane;iron(2+);triborate;tetrahydroxide"
"449","Abies balsamea","glycogen","C24H42O21","(2S,3R,4S,5S,6R)-2-[[(2R,3S,4R,5R,6R)-4,5-dihydroxy-3-[(2R,3R,4S,5S,6R)-3,4,5-trihydroxy-6-(hydroxymethyl)oxan-2-yl]oxy-6-[(2R,3S,4R,5R,6S)-4,5,6-trihydroxy-2-(hydroxymethyl)oxan-3-yl]oxyoxan-2-yl]methoxy]-6-(hydroxymethyl)oxane-3,4,5-triol"
"450","Abies balsamea","glycogen","C24H42O21","2-[[4,5-dihydroxy-3-[3,4,5-trihydroxy-6-(hydroxymethyl)oxan-2-yl]oxy-6-[4,5,6-trihydroxy-2-(hydroxymethyl)oxan-3-yl]oxyoxan-2-yl]methoxy]-6-(hydroxymethyl)oxane-3,4,5-triol"
"451","Abies balsamea","glycogen","C24H42O21","(2S,3S,4S,5S,6R)-2-[[(2R,4R,5R,6R)-4,5-dihydroxy-3-[(2R,3R,4S,5S,6R)-3,4,5-trihydroxy-6-(hydroxymethyl)oxan-2-yl]oxy-6-[(2R,4R,5R,6S)-4,5,6-trihydroxy-2-(hydroxymethyl)oxan-3-yl]oxyoxan-2-yl]methoxy]-6-(hydroxymethyl)oxane-3,4,5-triol"
"452","Abies balsamea","glycogen","C24H42O21","(2R,3S,4R,5R,6S)-2-[[(2S,3R,4S,5S,6S)-4,5-dihydroxy-3-[(2S,3S,4R,5R,6S)-3,4,5-trihydroxy-6-(hydroxymethyl)oxan-2-yl]oxy-6-[(2S,3R,4S,5S,6R)-4,5,6-trihydroxy-2-(hydroxymethyl)oxan-3-yl]oxyoxan-2-yl]methoxy]-6-(hydroxymethyl)oxane-3,4,5-triol"
"454","Abies balsamea","polyethylene","C2H4","deuterioethene"
"455","Abies balsamea","polyethylene","C2H4","1,1,2-trideuterioethene"
"456","Abies balsamea","polyethylene","C2H4","1,1-dideuterioethene"
"457","Abies balsamea","polyethylene","C2H4","(111C)ethene"
"458","Abies balsamea","polyethylene","C2H4","1,1,2,2-tetradeuterioethene"
"459","Abies balsamea","polyethylene","C18H16Cl3N3O4","1-[2-[(4-chlorophenyl)methoxy]-2-(2,4-dichlorophenyl)ethyl]imidazole;nitric acid"
"461","Abies balsamea","ros","C17H14N2O3","1-ethyl-4-oxo-7-pyridin-4-ylquinoline-3-carboxylic acid"
"462","Abies balsamea","ros","C23H23N2O+","[6-(dimethylamino)-9-phenylxanthen-3-ylidene]-dimethylazanium"
"463","Abies balsamea","ros","C22H28FN3O6S","(E,3R,5S)-7-[4-(4-fluorophenyl)-2-[methyl(methylsulfonyl)amino]-6-propan-2-ylpyrimidin-5-yl]-3,5-dihydroxyhept-6-enoic acid"
"464","Abies balsamea","beta-myrcene","C10H16","7-methyl-3-methylideneocta-1,6-diene"
"465","Abies balsamea","beta-myrcene","C10H18","(6E)-2,6-dimethylocta-2,6-diene"
"466","Abies balsamea","diphosphate","O7P2-4","phosphonato phosphate"
"467","Abies balsamea","diphosphate","HO7P2-3","[hydroxy(oxido)phosphoryl] phosphate"
"468","Abies balsamea","diphosphate","H4O7P2","phosphono dihydrogen phosphate"
"469","Abies balsamea","diphosphate","H3O6P2+","hydroxy-oxo-phosphonooxyphosphanium"
"470","Abies balsamea","diphosphate","O8P2-4","phosphonatooxy phosphate"
"471","Abies balsamea","diphosphate","C14H30O6P2","2-[1-di(propan-2-yloxy)phosphorylethenyl-propan-2-yloxyphosphoryl]oxypropane"
"472","Abies balsamea","diphosphate","C22H33N4O20P3","[(2R,3R,4S,5S)-3,4-dihydroxy-5-[[3-hydroxy-2-methyl-5-(phosphonooxymethyl)pyridin-4-yl]methylamino]oxan-2-yl] [[(2R,3S,4R,5R)-5-(2,4-dioxopyrimidin-1-yl)-3,4-dihydroxyoxolan-2-yl]methoxy-hydroxyphosphoryl] hydrogen phosphate"
"473","Abies balsamea","diphosphate","C23H40N7O17P3S2","[[(2R,3S,4R,5R)-5-(6-aminopurin-9-yl)-4-hydroxy-3-phosphonooxyoxolan-2-yl]methoxy-hydroxyphosphoryl] [(3R)-3-hydroxy-4-[[3-[2-(2-hydroxyethyldisulfanyl)ethylamino]-3-oxopropyl]amino]-2,2-dimethyl-4-oxobutyl] hydrogen phosphate"
"474","Abies balsamea","diphosphate","C17H28N4O15P2","[(2R,3R,4S,5R,6S)-3-acetamido-5-amino-4-hydroxy-6-methyloxan-2-yl] [[(2R,3S,4R,5R)-5-(2,4-dioxopyrimidin-1-yl)-3,4-dihydroxyoxolan-2-yl]methoxy-hydroxyphosphoryl] hydrogen phosphate"
"475","Abies balsamea","diphosphate","C27H31N9O16P2","[[(2R,3S,4R,5R)-5-(6-aminopurin-9-yl)-3,4-dihydroxyoxolan-2-yl]methoxy-hydroxyphosphoryl] [(2R,3S,4S)-5-(8-formyl-7-methyl-2,4-dioxobenzo[g]pteridin-10-yl)-2,3,4-trihydroxypentyl] hydrogen phosphate"
"476","Abies balsamea","diphosphate","C24H40N7O17P3S","[[(2R,3S,4R,5R)-5-(6-aminopurin-9-yl)-4-hydroxy-3-phosphonooxyoxolan-2-yl]methoxy-hydroxyphosphoryl] [(3R)-3-hydroxy-2,2-dimethyl-4-oxo-4-[[3-oxo-3-[2-(2-oxopropylsulfanyl)ethylamino]propyl]amino]butyl] hydrogen phosphate"
"477","Abies balsamea","diphosphate","C14H22N4O9P2S","2-[(2E)-3-[(4-amino-2-methylpyrimidin-5-yl)methyl]-2-(1,2-dihydroxyethylidene)-4-methyl-1,3-thiazol-5-yl]ethyl phosphono hydrogen phosphate"
"478","Abies balsamea","diphosphate","C12H18N4O8P2S","2-[3-[(4-amino-2-methylpyrimidin-5-yl)methyl]-4-methyl-2-oxo-1,3-thiazol-5-yl]ethyl phosphono hydrogen phosphate"
"479","Abies balsamea","isopimaradiene","C20H32","(2S,4aS,4bS,8aS)-2-ethenyl-2,4b,8,8-tetramethyl-3,4,4a,5,6,7,8a,9-octahydro-1H-phenanthrene"
"480","Abies balsamea","isopimaradiene","C20H32","2-ethenyl-2,4b,8,8-tetramethyl-3,4,4a,5,6,7,8a,9-octahydro-1H-phenanthrene"
"481","Abies balsamea","isopimaradiene","C20H32","(2R,4bS)-2-ethenyl-2,4b,8,8-tetramethyl-3,4,4a,5,6,7,8a,9-octahydro-1H-phenanthrene"
"482","Abies balsamea","levopimaradiene","C20H32","(4aS,4bS,10aS)-1,1,4a-trimethyl-7-propan-2-yl-2,3,4,4b,5,9,10,10a-octahydrophenanthrene"
"483","Abies balsamea","abietadiene","C20H32","(4aS,4bR,10aS)-1,1,4a-trimethyl-7-propan-2-yl-2,3,4,4b,5,6,10,10a-octahydrophenanthrene"
"484","Abies balsamea","abietadiene","C20H32","(4aS,4bR)-8-deuterio-7-[(2S)-1-deuteriopropan-2-yl]-1,1,4a-trimethyl-2,3,4,4b,5,6,10,10a-octahydrophenanthrene"
"485","Abies balsamea","abietadiene","C20H32","(4aR,4bS,10aR)-1,1,4a-trimethyl-7-propan-2-yl-2,3,4,4b,5,6,10,10a-octahydrophenanthrene"
"486","Abies balsamea","testosterone","C19H28O2","(8R,9S,10R,13S,14S,17S)-17-hydroxy-10,13-dimethyl-1,2,6,7,8,9,11,12,14,15,16,17-dodecahydrocyclopenta[a]phenanthren-3-one"
"487","Abies balsamea","testosterone","C19H28O2","17-hydroxy-10,13-dimethyl-1,2,6,7,8,9,11,12,14,15,16,17-dodecahydrocyclopenta[a]phenanthren-3-one"
"488","Abies balsamea","testosterone","C19H28O2","(10R,13S,17S)-17-hydroxy-10,13-dimethyl-1,2,6,7,8,9,11,12,14,15,16,17-dodecahydrocyclopenta[a]phenanthren-3-one"
"489","Abies balsamea","testosterone","C19H28O2","(17S)-17-hydroxy-10,13-dimethyl-1,2,6,7,8,9,11,12,14,15,16,17-dodecahydrocyclopenta[a]phenanthren-3-one"
"491","Abies balsamea","testosterone","C19H28O2","(8R,9S,10R,13S,14S,17S)-17-hydroxy-10,13-dimethyl-1,2,4,7,8,9,11,12,14,15,16,17-dodecahydrocyclopenta[a]phenanthren-3-one"
"492","Abies balsamea","testosterone","C19H30O2","(8R,9S,10R,13S,14S,17S)-10,13-dimethyl-2,3,6,7,8,9,11,12,14,15,16,17-dodecahydro-1H-cyclopenta[a]phenanthrene-3,17-diol"
"493","Abies balsamea","testosterone","C19H28O2","(8R,9S,14S,17S)-17-hydroxy-10,13-dimethyl-1,2,6,7,8,9,11,12,14,15,16,17-dodecahydrocyclopenta[a]phenanthren-3-one"
"494","Abies balsamea","testosterone","C22H32O3","[(8R,9S,10R,13S,14S,17S)-10,13-dimethyl-3-oxo-1,2,6,7,8,9,11,12,14,15,16,17-dodecahydrocyclopenta[a]phenanthren-17-yl] propanoate"
"495","Abies balsamea","testosterone","C10H25O5P","8-methylnonan-1-ol;phosphoric acid"
"496","Abies balsamea","testosterone","C19H32O2","(5S,8R,9S,10S,13S,14S,17S)-10,13-dimethyl-2,3,4,5,6,7,8,9,11,12,14,15,16,17-tetradecahydro-1H-cyclopenta[a]phenanthrene-3,17-diol"
"497","Abies balsamea","testosterone","C19H28O2","(8R,9R,10R,13S,14S,17S)-17-hydroxy-10,13-dimethyl-1,2,6,7,8,9,11,12,14,15,16,17-dodecahydrocyclopenta[a]phenanthren-3-one"
"498","Abies balsamea","testosterone","C19H26O2","(8R,9S,10R,13S,14S,17S)-17-hydroxy-10,13-dimethyl-1,2,8,9,11,12,14,15,16,17-decahydrocyclopenta[a]phenanthren-3-one"
"499","Abies balsamea","testosterone","C19H28O2","(8R,9S,10R,13S,14S)-17-hydroxy-10,13-dimethyl-1,2,6,7,8,9,11,12,14,15,16,17-dodecahydrocyclopenta[a]phenanthren-3-one"
"500","Abies balsamea","testosterone","C19H26O2","(8S,9S,10R,13S,14S,17S)-17-hydroxy-10,13-dimethyl-1,2,6,7,8,9,14,15,16,17-decahydrocyclopenta[a]phenanthren-3-one"
"501","Abies balsamea","dibenzylfluorescein","C34H24O5","benzyl 2-(3-oxo-6-phenylmethoxyxanthen-9-yl)benzoate"
"502","Abies balsamea","dibenzylfluorescein","C34H24O5","1',2'-dibenzyl-3',6'-dihydroxyspiro[2-benzofuran-3,9'-xanthene]-1-one"
"503","Abies balsamea","dibenzylfluorescein","C34H24O5","3',6'-bis(phenylmethoxy)spiro[2-benzofuran-3,9'-xanthene]-1-one"
"504","Abies balsamea","dbf","C12H8O","dibenzofuran"
"505","Abies balsamea","dbf","C14H8O5","dibenzofuran-4,6-dicarboxylic acid"
"506","Abies balsamea","dbf","C25H32ClNO3","1-[3-[(6-methoxy-2-phenyl-1-benzofuran-3-yl)oxymethyl]pentan-3-yl]pyrrolidin-1-ium;chloride"
"508","Abies balsamea","dbf","C9H19NO","N,N-dibutylformamide"
"509","Abies balsamea","nadph","C21H30N7O17P3","[[(2R,3R,4R,5R)-5-(6-aminopurin-9-yl)-3-hydroxy-4-phosphonooxyoxolan-2-yl]methoxy-hydroxyphosphoryl] [(2R,3S,4R,5R)-5-(3-carbamoyl-4H-pyridin-1-yl)-3,4-dihydroxyoxolan-2-yl]methyl hydrogen phosphate"
"510","Abies balsamea","nadph","C45H82N11O17P3","[[(2R,3R,4R,5R)-5-(6-aminopurin-9-yl)-3-hydroxy-4-phosphonooxyoxolan-2-yl]methoxy-hydroxyphosphoryl] [(2R,3S,4R,5R)-5-(3-carbamoyl-4H-pyridin-1-yl)-3,4-dihydroxyoxolan-2-yl]methyl hydrogen phosphate;cyclohexanamine"
"511","Abies balsamea","nadph","C21H26N7O17P3-4","[(2R,3R,4R,5R)-2-(6-aminopurin-9-yl)-5-[[[[(2R,3S,4R,5R)-5-(3-carbamoyl-4H-pyridin-1-yl)-3,4-dihydroxyoxolan-2-yl]methoxy-oxidophosphoryl]oxy-oxidophosphoryl]oxymethyl]-4-hydroxyoxolan-3-yl] phosphate"
"512","Abies balsamea","nadph","C21H30N7O17P3","[[(2S,3S,4S,5S)-5-(6-aminopurin-9-yl)-3-hydroxy-4-phosphonooxyoxolan-2-yl]methoxy-hydroxyphosphoryl] [(2S,3R,4S,5S)-5-(3-carbamoyl-4H-pyridin-1-yl)-3,4-dihydroxyoxolan-2-yl]methyl hydrogen phosphate"
"513","Abies balsamea","nadph","C21H30N7O17P3","[[5-(6-aminopurin-9-yl)-3-hydroxy-4-phosphonooxyoxolan-2-yl]methoxy-hydroxyphosphoryl] [5-(3-carbamoyl-4H-pyridin-1-yl)-3,4-dihydroxyoxolan-2-yl]methyl hydrogen phosphate"
"514","Abies balsamea","nadph","C21H28N7O17P3","[[(2R,3R,4R,5R)-5-(6-aminopurin-9-yl)-3-hydroxy-4-phosphonooxyoxolan-2-yl]methoxy-hydroxyphosphoryl] [(2S,3R,4S,5S)-5-(3-carbamoylpyridin-1-ium-1-yl)-3,4-dihydroxyoxolan-2-yl]methyl phosphate"
"515","Abies balsamea","nadph","C21H26N7Na4O17P3","tetrasodium;[(2R,3R,4R,5R)-2-(6-aminopurin-9-yl)-5-[[[[(2R,3S,4R,5R)-5-(3-carbamoyl-4H-pyridin-1-yl)-3,4-dihydroxyoxolan-2-yl]methoxy-oxidophosphoryl]oxy-oxidophosphoryl]oxymethyl]-4-hydroxyoxolan-3-yl] phosphate"
"516","Abies balsamea","nadph","C21H28N7O17P3","[[(2R,3R,4R,5R)-5-(6-aminopurin-9-yl)-3-hydroxy-4-phosphonooxyoxolan-2-yl]methoxy-hydroxyphosphoryl] [(2R,3S,4R,5R)-5-(3-carbamoylpyridin-1-ium-1-yl)-3,4-dihydroxyoxolan-2-yl]methyl phosphate"
"517","Abies balsamea","nadph","C21H30N7O17P3","[[(2R,3R,4R,5R)-5-(6-aminopurin-9-yl)-3-hydroxy-4-phosphonooxyoxolan-2-yl]methoxy-hydroxyphosphoryl] [(2R,3S,4R,5R)-5-(3-carbamoyl-4,4-dideuteriopyridin-1-yl)-3,4-dihydroxyoxolan-2-yl]methyl hydrogen phosphate"
"518","Abies balsamea","nadph","C21H30N7O17P3","[[(2R,3S,5R)-5-(6-aminopurin-9-yl)-3-hydroxy-4-phosphonooxyoxolan-2-yl]methoxy-hydroxyphosphoryl] [5-(3-carbamoyl-4H-pyridin-1-yl)-3,4-dihydroxyoxolan-2-yl]methyl hydrogen phosphate"
"519","Abies balsamea","nadph","C21H30N7O17P3","[[(2S,3R,4S,5S)-5-(6-aminopurin-9-yl)-3-hydroxy-4-phosphonooxyoxolan-2-yl]methoxy-hydroxyphosphoryl] [(2S,3R,4S,5R)-5-(3-carbamoyl-4H-pyridin-1-yl)-3,4-dihydroxyoxolan-2-yl]methyl hydrogen phosphate"
"520","Abies balsamea","nadph","C21H26N7Na4O17P3","tetrasodium;[2-(6-aminopurin-9-yl)-5-[[[[5-(3-carbamoyl-4H-pyridin-1-yl)-3,4-dihydroxyoxolan-2-yl]methoxy-oxidophosphoryl]oxy-oxidophosphoryl]oxymethyl]-4-hydroxyoxolan-3-yl] phosphate"
"521","Abies balsamea","chlorophyll","C55H72MgN4O5","magnesium;16-ethenyl-11-ethyl-3-methoxycarbonyl-12,17,21,26-tetramethyl-22-[3-oxo-3-(3,7,11,15-tetramethylhexadec-2-enoxy)propyl]-23,24,25-triaza-7-azanidahexacyclo[18.2.1.15,8.110,13.115,18.02,6]hexacosa-1(23),2(6),4,8(26),9,11,13(25),14,16,18(24),19-undecaen-4-olate"
"522","Abies balsamea","chlorophyll","C55H72MgN4O5","magnesium;(3R,21S,22S)-16-ethenyl-11-ethyl-3-methoxycarbonyl-12,17,21,26-tetramethyl-22-[3-oxo-3-[(E,7R,11R)-3,7,11,15-tetramethylhexadec-2-enoxy]propyl]-23,24,25-triaza-7-azanidahexacyclo[18.2.1.15,8.110,13.115,18.02,6]hexacosa-1(23),2(6),4,8(26),9,11,13(25),14,16,18(24),19-undecaen-4-olate"
"523","Abies balsamea","chlorophyll","C55H72MgN4O5","magnesium;methyl (3R,21S,22S)-16-ethenyl-11-ethyl-12,17,21,26-tetramethyl-4-oxo-22-[3-oxo-3-[(E,7R,11R)-3,7,11,15-tetramethylhexadec-2-enoxy]propyl]-23,25-diaza-7,24-diazanidahexacyclo[18.2.1.15,8.110,13.115,18.02,6]hexacosa-1,5,8(26),9,11,13(25),14,16,18,20(23)-decaene-3-carboxylate"
"524","Abies balsamea","chlorophyll","C55H72MgN4O5","magnesium;methyl (3R,21S,22S)-16-ethenyl-11-ethyl-12,17,21,26-tetramethyl-4-oxo-22-[3-oxo-3-[(E)-3,7,11,15-tetramethylhexadec-2-enoxy]propyl]-23,25-diaza-7,24-diazanidahexacyclo[18.2.1.15,8.110,13.115,18.02,6]hexacosa-1,5,8(26),9,11,13(25),14,16,18,20(23)-decaene-3-carboxylate"
"525","Abies balsamea","chlorophyll","C55H73MgN4O5+","magnesium;(3R,21S,22S)-16-ethenyl-11-ethyl-3-methoxycarbonyl-12,17,21,26-tetramethyl-22-[3-oxo-3-[(E)-3,7,11,15-tetramethylhexadec-2-enoxy]propyl]-7,23,24,25-tetrazahexacyclo[18.2.1.15,8.110,13.115,18.02,6]hexacosa-1,4,6,8(26),9,11,13(25),14,16,18(24),19-undecaen-4-olate"
"526","Abies balsamea","chlorophyll","C55H72MgN4O5","magnesium;(3R,21S,22S)-16-ethenyl-11-ethyl-3-methoxycarbonyl-12,17,21,26-tetramethyl-22-[3-oxo-3-[(E)-3,7,11,15-tetramethylhexadec-2-enoxy]propyl]-23,24,25-triaza-7-azanidahexacyclo[18.2.1.15,8.110,13.115,18.02,6]hexacosa-1(23),2(6),4,8(26),9,11,13(25),14,16,18(24),19-undecaen-4-olate"
"527","Abies balsamea","chlorophyll","C55H74MgN4O5+2","magnesium;methyl (3R,22S)-16-ethenyl-11-ethyl-4-hydroxy-12,17,21,26-tetramethyl-22-[3-oxo-3-[(E,7R,11R)-3,7,11,15-tetramethylhexadec-2-enoxy]propyl]-23,25-diazonia-7,24-diazanidahexacyclo[18.2.1.15,8.110,13.115,18.02,6]hexacosa-1(23),2(6),4,8(26),9,11,13(25),14,16,18,20-undecaene-3-carboxylate"
"528","Abies balsamea","chlorophyll","C55H72MgN4O5","magnesium;16-ethenyl-11-ethyl-3-methoxycarbonyl-12,17,21,26-tetramethyl-22-[3-oxo-3-[(E)-3,7,11,15-tetramethylhexadec-2-enoxy]propyl]-23,24,25-triaza-7-azanidahexacyclo[18.2.1.15,8.110,13.115,18.02,6]hexacosa-1(23),2(6),4,8(26),9,11,13(25),14,16,18(24),19-undecaen-4-olate"
"529","Abies balsamea","chlorophyll","C54H72MgN4O5","magnesium;methyl 16-ethenyl-11-ethyl-12,17,26-trimethyl-4-oxo-22-[3-oxo-3-[(E)-3,7,11,15-tetramethylhexadec-2-enoxy]propyl]-7,24-diaza-23,25-diazanidahexacyclo[18.2.1.15,8.110,13.115,18.02,6]hexacosa-1,5(26),6,8,10,12,14,18(24),19-nonaene-3-carboxylate"
"530","Abies balsamea","chlorophyll","C55H78MgN4O5","magnesium;methyl (1Z,8Z,14Z,18Z)-16-ethenyl-11-ethyl-12,17,21,26-tetramethyl-4-oxo-22-[3-oxo-3-[(E)-3,7,11,15-tetramethylhexadec-2-enoxy]propyl]-23-azonia-7,24,25-triazanidahexacyclo[18.2.1.15,8.110,13.115,18.02,6]hexacosa-1,5(26),8,14,16,18,20(23)-heptaene-3-carboxylate"
"531","Abies balsamea","zeaxanthin","C40H56O2","(1R)-4-[(1E,3E,5E,7E,9E,11E,13E,15E,17E)-18-[(4R)-4-hydroxy-2,6,6-trimethylcyclohexen-1-yl]-3,7,12,16-tetramethyloctadeca-1,3,5,7,9,11,13,15,17-nonaenyl]-3,5,5-trimethylcyclohex-3-en-1-ol"
"532","Abies balsamea","zeaxanthin","C40H56O2","4-[18-(4-hydroxy-2,6,6-trimethylcyclohexen-1-yl)-3,7,12,16-tetramethyloctadeca-1,3,5,7,9,11,13,15,17-nonaenyl]-3,5,5-trimethylcyclohex-3-en-1-ol"
"533","Abies balsamea","zeaxanthin","C40H56O2","4-[(1E,3E,5E,7E,9E,11E,13E,15E,17E)-18-(4-hydroxy-2,6,6-trimethylcyclohexen-1-yl)-3,7,12,16-tetramethyloctadeca-1,3,5,7,9,11,13,15,17-nonaenyl]-3,5,5-trimethylcyclohex-3-en-1-ol"
"534","Abies balsamea","zeaxanthin","C34H46O2","(1R)-4-[(1E,3E,5E,7E,9E,11E,13E,15E)-16-[(4R)-4-hydroxy-2,6,6-trimethylcyclohexen-1-yl]hexadeca-1,3,5,7,9,11,13,15-octaenyl]-3,5,5-trimethylcyclohex-3-en-1-ol"
"535","Abies balsamea","zeaxanthin","C40H56O2","4-[(1E,3Z,5Z,7E,9E,11E,13Z,15Z,17E)-18-(4-hydroxy-2,6,6-trimethylcyclohexen-1-yl)-3,7,12,16-tetramethyloctadeca-1,3,5,7,9,11,13,15,17-nonaenyl]-3,5,5-trimethylcyclohex-3-en-1-ol"
"536","Abies balsamea","zeaxanthin","C40H56O2","(1R)-4-[(1E,3E,5E,7E,9E,11E,13E,15E,17E)-18-[(4R)-4-hydroxy-2,6,6-trimethyl(2,4,6-13C3)cyclohexen-1-yl]-3,7,12,16-tetramethyl(1,3,5,7,9,10,12,14,16,18-13C10)octadeca-1,3,5,7,9,11,13,15,17-nonaenyl]-3,5,5-trimethyl(1,3,5-13C3)cyclohex-3-en-1-ol"
"537","Abies balsamea","zeaxanthin","C40H56O2","(1R)-4-[(1E,3E,5E,7E,9E,11E,13E,15E,17E)-18-[(4R)-4-hydroxy-2,6,6-tri((113C)methyl)(1,3,5-13C3)cyclohexen-1-yl]-3,7,12,16-tetra((113C)methyl)(2,4,6,8,11,13,15,17-13C8)octadeca-1,3,5,7,9,11,13,15,17-nonaenyl]-3,5,5-tri((113C)methyl)(2,4,6-13C3)cyclohex-3-en-1-ol"
"538","Abies balsamea","zeaxanthin","C40H56O2","(1R)-4-[(1E,3E,5E,7E,9E,11E,13E,15E,17E)-18-[(4S)-4-hydroxy-2,6,6-trimethylcyclohexen-1-yl]-3,7,12,16-tetramethyloctadeca-1,3,5,7,9,11,13,15,17-nonaenyl]-3,5,5-trimethylcyclohex-3-en-1-ol"
"539","Abies balsamea","zeaxanthin","C40H56O2","(1R)-4-[(1E,3E,5E,7E,9E,11E,13E,15E,17E)-18-[(4R)-4-hydroxy-2,6,6-trimethylcyclohexen-1-yl]-3,7,12,16-tetramethyl(6,7,12,13-13C4)octadeca-1,3,5,7,9,11,13,15,17-nonaenyl]-3,5,5-trimethylcyclohex-3-en-1-ol"
"540","Abies balsamea","zeaxanthin","C40H56O2","(1R)-4-[(1E,3E,5E,7E,9E,11E,13E,15E,17E)-18-[(4R)-4-hydroxy-2,6,6-tri((113C)methyl)(1,2,3,4,5,6-13C6)cyclohexen-1-yl]-3,7,12,16-tetra((113C)methyl)(1,2,3,4,5,6,7,8,9,10,11,12,13,14,15,16,17,18-13C18)octadeca-1,3,5,7,9,11,13,15,17-nonaenyl]-3,5,5-tri((113C)methyl)(1,2,3,4,5,6-13C6)cyclohex-3-en-1-ol"
"541","Abies balsamea","zeaxanthin","C40H56O2","(1R)-4-[18-[(4R)-4-hydroxy-2,6,6-trimethylcyclohexen-1-yl]-3,7,12,16-tetramethyloctadeca-1,3,5,7,9,11,13,15,17-nonaenyl]-3,5,5-trimethylcyclohex-3-en-1-ol"
"542","Abies balsamea","zeaxanthin","C21H30O","(1R)-4-[(1E,3E,5E,7E)-3,7-dimethyldeca-1,3,5,7,9-pentaenyl]-3,5,5-trimethylcyclohex-3-en-1-ol"
"543","Abies balsamea","zeaxanthin","C40H56O2","4-[(1E,3Z,5Z,7Z,9E,11Z,13E,15Z,17E)-18-(4-hydroxy-2,6,6-trimethylcyclohexen-1-yl)-3,7,12,16-tetramethyloctadeca-1,3,5,7,9,11,13,15,17-nonaenyl]-3,5,5-trimethylcyclohex-3-en-1-ol"
"544","Abies balsamea","zeaxanthin","C40H56O2","(1S)-4-[(1E,3E,5E,7E,9E,11E,13E,15E,17E)-18-[(4S)-4-hydroxy-2,6,6-trimethylcyclohexen-1-yl]-3,7,12,16-tetramethyloctadeca-1,3,5,7,9,11,13,15,17-nonaenyl]-3,5,5-trimethylcyclohex-3-en-1-ol"
"545","Abies balsamea","zeaxanthin","C7H3F4NO2","2-fluoro-1-nitro-4-(trifluoromethyl)benzene"
"546","Abies balsamea","zeaxanthin","C40H66O2","(1S)-4-[(1E,9E,13E,17E)-18-[(4R)-4-hydroxy-2,6,6-trimethylcyclohexen-1-yl]-3,7,12,16-tetramethyloctadeca-1,9,13,17-tetraenyl]-3,5,5-trimethylcyclohex-3-en-1-ol"
"547","Abies balsamea","zeaxanthin","C40H56O2","(1R)-4-[(11E,13E,15E,17E)-18-[(4S)-4-hydroxy-2,6,6-trimethylcyclohexen-1-yl]-3,7,12,16-tetramethyloctadeca-1,3,5,7,9,11,13,15,17-nonaenyl]-3,5,5-trimethylcyclohex-3-en-1-ol"
"548","Abies balsamea","antheraxanthin","C40H56O3","(1R,3S,6S)-6-[(1E,3E,5E,7E,9E,11E,13E,15E,17E)-18-[(4R)-4-hydroxy-2,6,6-trimethylcyclohexen-1-yl]-3,7,12,16-tetramethyloctadeca-1,3,5,7,9,11,13,15,17-nonaenyl]-1,5,5-trimethyl-7-oxabicyclo[4.1.0]heptan-3-ol"
"549","Abies balsamea","antheraxanthin","C40H56O3","(1S,6R)-6-[(1E,3E,5E,7E,9E,11E,13E,15E,17E)-18-[(4S)-4-hydroxy-2,6,6-trimethylcyclohexen-1-yl]-3,7,12,16-tetramethyloctadeca-1,3,5,7,9,11,13,15,17-nonaenyl]-1,5,5-trimethyl-7-oxabicyclo[4.1.0]heptan-3-ol"
"550","Abies balsamea","antheraxanthin","C40H56O3","6-[(1E,3E,5E,7E,9E,11E,13E,15E,17E)-18-(4-hydroxy-2,6,6-trimethylcyclohexen-1-yl)-3,7,12,16-tetramethyloctadeca-1,3,5,7,9,11,13,15,17-nonaenyl]-1,5,5-trimethyl-7-oxabicyclo[4.1.0]heptan-3-ol"
"551","Abies balsamea","antheraxanthin","C40H56O3","6-[(1E,3Z,5Z,7E,9E,11E,13Z,15Z,17E)-18-(4-hydroxy-2,6,6-trimethylcyclohexen-1-yl)-3,7,12,16-tetramethyloctadeca-1,3,5,7,9,11,13,15,17-nonaenyl]-1,5,5-trimethyl-7-oxabicyclo[4.1.0]heptan-3-ol"
"552","Abies balsamea","antheraxanthin","C40H56O3","(1R,3S,6S)-6-[(1E,3E,5E,7E,9E,11Z,13E,15E,17E)-18-[(4R)-4-hydroxy-2,6,6-trimethylcyclohexen-1-yl]-3,7,12,16-tetramethyloctadeca-1,3,5,7,9,11,13,15,17-nonaenyl]-1,5,5-trimethyl-7-oxabicyclo[4.1.0]heptan-3-ol"
"553","Abies balsamea","antheraxanthin","C40H56O3","6-[18-(4-hydroxy-2,6,6-trimethylcyclohexen-1-yl)-3,7,12,16-tetramethyloctadeca-1,3,5,7,9,11,13,15,17-nonaenyl]-1,5,5-trimethyl-7-oxabicyclo[4.1.0]heptan-3-ol"
"554","Abies balsamea","antheraxanthin","C40H56O3","(1R,3S,6S)-6-[18-[(4R)-4-hydroxy-2,6,6-trimethylcyclohexen-1-yl]-3,7,12,16-tetramethyloctadeca-1,3,5,7,9,11,13,15,17-nonaenyl]-1,5,5-trimethyl-7-oxabicyclo[4.1.0]heptan-3-ol"
"555","Abies balsamea","antheraxanthin","C40H56O3","(1S,3R,6R)-6-[(1E,3E,5E,7E,9E,11E,13E,15E,17E)-18-[(4R)-4-hydroxy-2,6,6-trimethylcyclohexen-1-yl]-3,7,12,16-tetramethyloctadeca-1,3,5,7,9,11,13,15,17-nonaenyl]-1,5,5-trimethyl-7-oxabicyclo[4.1.0]heptan-3-ol"
"556","Abies balsamea","antheraxanthin","C40H56O3","(3S)-6-[(1E,3E,5E,7E,9E,11E,13E,15E,17E)-18-(4-hydroxy-2,6,6-trimethylcyclohexen-1-yl)-3,7,12,16-tetramethyloctadeca-1,3,5,7,9,11,13,15,17-nonaenyl]-1,5,5-trimethyl-7-oxabicyclo[4.1.0]heptan-3-ol"
"557","Abies balsamea","cresyl violet acetate","C18H15N3O3","(9-aminobenzo[a]phenoxazin-5-ylidene)azanium;acetate"
"558","Abies balsamea","cresyl violet acetate","C18H15N3O3","acetic acid;9-iminobenzo[a]phenoxazin-5-amine"
"559","Abies balsamea","cresyl violet acetate","C18H15N3O3","acetic acid;5-iminobenzo[a]phenoxazin-9-amine"
"560","Abies balsamea","cresyl violet acetate","C16H12N3O+","(9-aminobenzo[a]phenoxazin-5-ylidene)azanium"
